I,II,III,aVR,aVL,aVF,V1,V2,V3,V4,V5,V6,
0,-29,-29,14,14,-29,-29,9,0,0,-9,-29
0,-29,-29,14,14,-29,-29,9,-4,-4,-9,-24
0,-29,-29,14,14,-29,-29,9,-9,-9,-9,-19
0,-29,-29,14,14,-29,-29,4,-9,-9,-9,-19
0,-29,-29,14,14,-29,-29,0,-9,-9,-9,-19
0,-29,-29,14,14,-29,-34,0,-14,-9,-9,-19
0,-29,-29,14,14,-29,-39,0,-19,-9,-9,-19
4,-39,-43,17,24,-41,-39,-4,-19,-14,-19,-24
9,-48,-58,19,34,-53,-39,-9,-19,-19,-29,-29
9,-48,-58,19,34,-53,-39,-9,-19,-19,-29,-29
9,-48,-58,19,34,-53,-39,-9,-19,-19,-29,-29
4,-48,-53,21,29,-51,-39,-9,-24,-19,-29,-29
0,-48,-48,24,24,-48,-39,-9,-29,-19,-29,-29
0,-39,-39,19,19,-39,-43,-14,-29,-19,-24,-24
0,-29,-29,14,14,-29,-48,-19,-29,-19,-19,-19
0,-29,-29,14,14,-29,-48,-24,-29,-19,-19,-19
0,-29,-29,14,14,-29,-48,-29,-29,-19,-19,-19
0,-34,-34,17,17,-34,-48,-29,-29,-19,-19,-19
0,-39,-39,19,19,-39,-48,-29,-29,-19,-19,-19
9,-39,-48,14,29,-43,-48,-29,-34,-19,-19,-19
19,-39,-58,9,39,-48,-48,-29,-39,-19,-19,-19
19,-39,-58,9,39,-48,-48,-29,-39,-24,-19,-19
19,-39,-58,9,39,-48,-48,-29,-39,-29,-19,-19
19,-43,-63,12,41,-53,-53,-29,-39,-29,-19,-19
19,-48,-68,14,43,-58,-58,-29,-39,-29,-19,-19
14,-48,-63,17,39,-56,-58,-29,-39,-24,-19,-19
9,-48,-58,19,34,-53,-58,-29,-39,-19,-19,-19
9,-43,-53,17,31,-48,-58,-34,-39,-19,-19,-19
9,-39,-48,14,29,-43,-58,-39,-39,-19,-19,-19
9,-34,-43,12,26,-39,-63,-39,-39,-19,-9,-19
9,-29,-39,9,24,-34,-68,-39,-39,-19,0,-19
14,-29,-43,7,29,-36,-68,-39,-39,-19,-9,-19
19,-29,-48,4,34,-39,-68,-39,-39,-19,-19,-19
24,-29,-53,2,39,-41,-68,-34,-34,-19,-19,-19
29,-29,-58,0,43,-43,-68,-29,-29,-19,-19,-19
34,-14,-48,-9,41,-31,-68,-24,-19,-4,-4,0
39,0,-39,-19,39,-19,-68,-19,-9,9,9,19
43,14,-29,-29,36,-7,-68,-14,0,19,24,19
43,29,-14,-36,29,7,-63,-4,9,29,34,24
48,43,-4,-46,26,19,-58,0,24,39,48,34
53,48,-4,-51,29,21,-53,4,29,43,48,34
58,43,-14,-51,36,14,-68,4,24,43,48,39
68,39,-29,-53,48,4,-92,-4,19,43,43,39
87,34,-53,-61,70,-9,-107,0,24,53,48,48
117,48,-68,-82,92,-9,-122,0,34,73,68,68
131,87,-43,-109,87,21,-141,-4,34,73,82,82
136,117,-19,-126,78,48,-151,-24,29,73,87,87
126,122,-4,-124,65,58,-156,-58,0,48,73,78
126,117,-9,-122,68,53,-156,-73,-19,39,58,68
122,82,-39,-102,80,21,-146,-58,-24,39,58,68
117,63,-53,-90,85,4,-136,-39,-14,48,58,73
136,63,-73,-100,104,-4,-141,-34,-9,43,68,73
141,48,-92,-95,117,-21,-131,-34,-9,39,68,78
146,39,-107,-92,126,-34,-136,-29,-19,34,63,78
146,29,-117,-87,131,-43,-136,-29,-24,29,53,68
126,9,-117,-68,122,-53,-117,-34,-29,14,48,53
92,-9,-102,-41,97,-56,-92,-34,-34,4,39,29
48,-29,-78,-9,63,-53,-78,-39,-39,-9,4,0
19,-39,-58,9,39,-48,-63,-39,-39,-9,-9,-14
14,-43,-58,14,36,-51,-63,-43,-39,-14,-9,-14
4,-48,-53,21,29,-51,-58,-53,-43,-19,-9,-19
-4,-53,-48,29,21,-51,-53,-53,-43,-29,-14,-24
-9,-63,-53,36,21,-58,-53,-53,-43,-34,-14,-24
-9,-63,-53,36,21,-58,-53,-48,-48,-34,-14,-24
-9,-63,-53,36,21,-58,-48,-43,-53,-34,-14,-24
-9,-63,-53,36,21,-58,-48,-43,-53,-34,-14,-19
-9,-63,-53,36,21,-58,-48,-48,-58,-34,-14,-14
-14,-63,-48,39,17,-56,-48,-48,-58,-39,-19,-19
-14,-58,-43,36,14,-51,-43,-48,-58,-39,-19,-19
-14,-63,-48,39,17,-56,-43,-43,-53,-29,-19,-19
-14,-63,-48,39,17,-56,-43,-43,-53,-19,-19,-19
-14,-63,-48,39,17,-56,-43,-43,-53,-29,-24,-24
-14,-63,-48,39,17,-56,-43,-43,-53,-34,-29,-29
-14,-68,-53,41,19,-61,-48,-43,-53,-34,-29,-29
-14,-73,-58,43,21,-65,-53,-43,-53,-34,-29,-29
-14,-78,-63,46,24,-70,-53,-34,-48,-29,-29,-29
-24,-87,-63,56,19,-75,-24,14,-19,-19,-29,-39
-29,-87,-58,58,14,-73,14,48,4,-24,-43,-53
-34,-87,-53,61,9,-70,58,156,122,58,0,-43
-29,-92,-63,61,17,-78,146,361,331,219,78,-4
34,-63,-97,14,65,-80,204,580,590,453,234,102
161,4,-156,-82,158,-75,156,732,858,780,502,287
331,73,-258,-202,295,-92,-63,688,946,1000,707,448
614,136,-478,-375,546,-170,-346,741,1019,1205,922,639
697,214,-483,-456,590,-134,-722,39,434,897,839,678
400,253,-146,-326,273,53,-1132,-1888,-1410,-570,87,366
185,258,73,-222,56,165,-1317,-2952,-2552,-1561,-502,63
156,185,29,-170,63,107,-1312,-2742,-2469,-1654,-673,-92
117,126,9,-122,53,68,-1166,-2293,-2127,-1512,-692,-156
126,151,24,-139,51,87,-907,-1737,-1625,-1146,-502,-87
63,87,24,-75,19,56,-585,-1185,-1156,-849,-429,-141
-78,53,131,12,-104,92,-297,-702,-702,-570,-351,-185
-102,43,146,29,-124,95,-161,-390,-390,-341,-224,-126
-78,-14,63,46,-70,24,-48,-170,-180,-161,-117,-78
-58,-39,19,48,-39,-9,19,-43,-82,-73,-63,-58
-58,-39,19,48,-39,-9,29,-34,-68,-73,-73,-58
-63,-39,24,51,-43,-7,34,-24,-48,-68,-73,-58
-63,-53,9,58,-36,-21,34,-14,-24,-43,-48,-48
-63,-58,4,61,-34,-26,43,9,-14,-24,-39,-39
-63,-53,9,58,-36,-21,53,34,0,-14,-39,-34
-58,-53,4,56,-31,-24,58,43,9,-4,-34,-34
-58,-58,0,58,-29,-29,58,48,14,0,-34,-39
-58,-58,0,58,-29,-29,63,53,19,4,-29,-43
-58,-58,0,58,-29,-29,68,68,29,9,-24,-39
-53,-58,-4,56,-24,-31,68,73,34,14,-24,-39
-48,-58,-9,53,-19,-34,73,82,39,14,-24,-34
-43,-58,-14,51,-14,-36,78,82,39,19,-24,-34
-43,-53,-9,48,-17,-31,78,82,43,19,-24,-34
-43,-53,-9,48,-17,-31,82,78,53,14,-24,-34
-48,-53,-4,51,-21,-29,87,87,58,14,-24,-39
-53,-53,0,53,-26,-26,92,92,63,14,-24,-43
-53,-53,0,53,-26,-26,92,92,68,14,-19,-39
-53,-53,0,53,-26,-26,97,97,68,19,-19,-39
-58,-53,4,56,-31,-24,107,102,78,24,-14,-34
-68,-53,14,61,-41,-19,112,107,87,29,-14,-24
-68,-48,19,58,-43,-14,117,107,92,29,-9,-24
-68,-43,24,56,-46,-9,122,112,97,34,-9,-24
-63,-43,19,53,-41,-12,126,122,97,34,-9,-29
-58,-43,14,51,-36,-14,126,126,102,39,-9,-34
-58,-43,14,51,-36,-14,126,126,97,39,-9,-34
-58,-43,14,51,-36,-14,126,126,97,34,-14,-34
-63,-43,19,53,-41,-12,126,136,97,39,-9,-34
-63,-43,19,53,-41,-12,131,136,102,39,-9,-34
-68,-43,24,56,-46,-9,136,141,107,43,-4,-34
-68,-43,24,56,-46,-9,141,151,107,53,-4,-34
-73,-48,24,61,-48,-12,151,156,122,53,-4,-29
-73,-48,24,61,-48,-12,156,165,131,53,-4,-29
-78,-43,34,61,-56,-4,161,165,136,58,-4,-29
-87,-43,43,65,-65,0,161,170,136,58,-9,-29
-87,-43,43,65,-65,0,170,170,131,48,-14,-34
-92,-43,48,68,-70,2,170,170,126,43,-14,-39
-92,-43,48,68,-70,2,175,170,126,43,-14,-43
-92,-43,48,68,-70,2,180,175,126,43,-19,-48
-92,-43,48,68,-70,2,185,180,136,43,-19,-48
-92,-43,48,68,-70,2,195,185,141,43,-19,-53
-97,-43,53,70,-75,4,204,190,141,53,-19,-58
-102,-43,58,73,-80,7,204,195,146,58,-24,-58
-107,-43,63,75,-85,9,214,195,151,53,-19,-53
-112,-43,68,78,-90,12,219,200,151,53,-14,-53
-117,-39,78,78,-97,19,214,200,151,53,-19,-53
-122,-34,87,78,-104,26,224,204,156,53,-19,-53
-122,-34,87,78,-104,26,229,204,161,48,-19,-53
-136,-34,102,85,-119,34,239,204,161,43,-19,-63
-146,-29,117,87,-131,43,248,209,161,39,-29,-63
-146,-24,122,85,-134,48,253,214,161,39,-39,-68
-151,-24,126,87,-139,51,263,214,161,34,-43,-78
-161,-19,141,90,-151,61,268,214,161,34,-48,-82
-170,-19,151,95,-161,65,273,219,161,34,-48,-82
-180,-14,165,97,-173,75,283,224,161,24,-58,-92
-185,-9,175,97,-180,82,287,224,161,24,-58,-92
-190,-9,180,100,-185,85,292,224,161,24,-63,-92
-200,-9,190,104,-195,90,297,219,165,19,-68,-97
-200,0,200,100,-200,100,302,219,170,14,-68,-92
-209,4,214,102,-212,109,312,219,165,14,-73,-97
-209,9,219,100,-214,114,312,219,165,9,-73,-102
-214,19,234,97,-224,126,317,219,165,9,-82,-107
-214,24,239,95,-226,131,322,219,165,9,-82,-107
-214,24,239,95,-226,131,307,224,156,4,-82,-107
-209,34,244,87,-226,139,302,219,156,-4,-82,-107
-214,39,253,87,-234,146,287,209,151,-4,-82,-102
-204,43,248,80,-226,146,273,200,146,-9,-82,-102
-200,48,248,75,-224,148,258,195,141,-9,-82,-97
-190,48,239,70,-214,143,248,190,141,-9,-82,-92
-170,53,224,58,-197,139,229,190,141,-4,-68,-87
-151,58,209,46,-180,134,209,190,141,-4,-58,-82
-131,53,185,39,-158,119,185,190,141,4,-43,-68
-107,53,161,26,-134,107,156,185,141,24,-34,-53
-87,58,146,14,-117,102,131,180,136,39,-19,-39
-68,58,126,4,-97,92,117,170,131,43,-4,-29
-48,53,102,-2,-75,78,92,165,131,53,4,-19
-34,48,82,-7,-58,65,63,151,122,58,14,-4
-14,48,63,-17,-39,56,39,141,112,58,19,4
-4,43,48,-19,-26,46,29,126,112,63,29,14
14,39,24,-26,-4,31,14,122,102,73,43,24
29,39,9,-34,9,24,-4,112,102,78,48,34
39,29,-9,-34,24,9,-9,97,97,78,58,43
48,24,-24,-36,36,0,-24,82,87,73,58,43
53,24,-29,-39,41,-2,-29,73,82,78,58,43
58,29,-29,-43,43,0,-39,63,68,78,58,43
58,29,-29,-43,43,0,-43,48,53,73,53,43
58,24,-34,-41,46,-4,-58,39,39,63,43,43
58,9,-48,-34,53,-19,-58,34,34,53,43,34
58,4,-53,-31,56,-24,-58,24,24,48,39,29
58,-4,-63,-26,61,-34,-58,19,24,48,39,29
58,-14,-73,-21,65,-43,-58,9,19,43,34,24
48,-14,-63,-17,56,-39,-63,4,19,43,34,24
48,-14,-63,-17,56,-39,-63,-4,14,39,34,24
43,-4,-48,-19,46,-26,-58,-9,4,34,29,19
43,0,-43,-21,43,-21,-58,-9,4,34,24,19
43,-4,-48,-19,46,-26,-58,-9,0,29,24,14
43,-4,-48,-19,46,-26,-58,-9,-4,29,19,14
39,-4,-43,-17,41,-24,-58,-14,-9,19,19,14
34,-4,-39,-14,36,-21,-58,-14,-9,14,19,9
34,-4,-39,-14,36,-21,-58,-14,-14,9,14,14
29,-9,-39,-9,34,-24,-63,-14,-14,9,14,14
29,-19,-48,-4,39,-34,-58,-14,-9,4,9,14
24,-24,-48,0,36,-36,-53,-14,-9,4,9,9
24,-24,-48,0,36,-36,-48,-14,-9,4,9,4
24,-24,-48,0,36,-36,-43,-14,-9,4,0,4
19,-19,-39,0,29,-29,-39,-14,-9,0,0,-4
9,-19,-29,4,19,-24,-34,-14,-9,0,-4,-9
9,-19,-29,4,19,-24,-34,-9,-9,0,-4,-9
9,-24,-34,7,21,-29,-29,-9,-9,0,-4,-14
9,-29,-39,9,24,-34,-34,-9,-9,0,-4,-19
4,-29,-34,12,19,-31,-39,-9,-9,-4,-9,-19
0,-29,-29,14,14,-29,-39,-9,-9,-4,-9,-19
0,-29,-29,14,14,-29,-39,-9,-9,-4,-9,-19
-4,-34,-29,19,12,-31,-34,-9,-9,-4,-9,-24
-9,-39,-29,24,9,-34,-29,-9,-9,-4,-14,-24
-9,-39,-29,24,9,-34,-29,-9,-9,-4,-14,-24
-9,-39,-29,24,9,-34,-29,-9,-14,-9,-14,-29
-9,-34,-24,21,7,-29,-34,-9,-9,-14,-19,-29
-9,-29,-19,19,4,-24,-39,-9,-9,-14,-19,-34
-9,-29,-19,19,4,-24,-39,-9,-9,-14,-19,-34
-9,-24,-14,17,2,-19,-39,-9,-9,-14,-24,-34
-4,-24,-19,14,7,-21,-39,-9,-14,-19,-24,-29
0,-24,-24,12,12,-24,-39,-14,-24,-29,-24,-29
0,-29,-29,14,14,-29,-43,-19,-24,-29,-24,-29
0,-34,-34,17,17,-34,-43,-19,-24,-29,-24,-34
0,-34,-34,17,17,-34,-48,-24,-29,-29,-24,-34
0,-39,-39,19,19,-39,-48,-24,-29,-24,-24,-29
0,-39,-39,19,19,-39,-43,-24,-29,-24,-24,-24
0,-39,-39,19,19,-39,-43,-29,-34,-24,-24,-24
4,-39,-43,17,24,-41,-48,-34,-34,-24,-24,-24
4,-34,-39,14,21,-36,-48,-34,-39,-24,-24,-19
0,-34,-34,17,17,-34,-53,-34,-39,-24,-24,-19
0,-34,-34,17,17,-34,-58,-39,-39,-24,-24,-19
0,-29,-29,14,14,-29,-58,-39,-39,-24,-24,-19
0,-24,-24,12,12,-24,-63,-39,-43,-24,-24,-19
4,-24,-29,9,17,-26,-63,-43,-43,-29,-24,-19
4,-24,-29,9,17,-26,-63,-43,-43,-29,-24,-19
4,-29,-34,12,19,-31,-63,-43,-43,-29,-24,-19
9,-29,-39,9,24,-34,-63,-43,-43,-29,-24,-19
9,-29,-39,9,24,-34,-63,-43,-43,-29,-24,-19
9,-29,-39,9,24,-34,-68,-43,-43,-29,-24,-19
9,-29,-39,9,24,-34,-68,-43,-43,-29,-24,-14
9,-29,-39,9,24,-34,-68,-48,-48,-29,-24,-14
9,-29,-39,9,24,-34,-68,-48,-48,-29,-29,-19
9,-29,-39,9,24,-34,-68,-48,-48,-29,-29,-24
9,-29,-39,9,24,-34,-73,-48,-48,-29,-29,-24
9,-24,-34,7,21,-29,-73,-48,-48,-29,-29,-24
4,-34,-39,14,21,-36,-68,-48,-48,-29,-24,-24
4,-43,-48,19,26,-46,-63,-48,-48,-29,-19,-24
9,-39,-48,14,29,-43,-63,-48,-48,-24,-19,-24
14,-34,-48,9,31,-41,-58,-48,-39,-19,-9,-14
14,-24,-39,4,26,-31,-63,-43,-34,-19,-9,-4
19,-19,-39,0,29,-29,-68,-39,-29,-19,-9,0
29,-9,-39,-9,34,-24,-68,-39,-29,-9,0,0
39,0,-39,-19,39,-19,-68,-39,-29,0,9,0
39,4,-34,-21,36,-14,-68,-34,-19,4,14,9
43,14,-29,-29,36,-7,-63,-24,-4,9,19,14
48,29,-19,-39,34,4,-63,-19,4,19,29,24
53,43,-9,-48,31,17,-58,-14,19,29,39,34
63,58,-4,-61,34,26,-58,-9,24,43,39,34
68,68,0,-68,34,34,-73,-4,24,53,43,39
78,58,-19,-68,48,19,-102,-14,19,53,43,39
97,53,-43,-75,70,4,-117,-14,19,53,48,48
126,78,-48,-102,87,14,-131,-9,24,63,68,68
136,107,-29,-122,82,39,-146,-4,24,63,78,78
141,141,0,-141,70,70,-161,-24,29,63,78,82
136,146,9,-141,63,78,-175,-53,9,39,63,78
136,126,-9,-131,73,58,-175,-78,-24,19,48,68
136,102,-34,-119,85,34,-165,-78,-39,9,48,68
136,87,-48,-112,92,19,-156,-58,-24,19,48,73
156,82,-73,-119,114,4,-156,-53,-19,19,58,73
161,68,-92,-114,126,-12,-141,-48,-9,29,68,82
161,58,-102,-109,131,-21,-141,-43,-9,34,73,87
165,48,-117,-107,141,-34,-141,-43,-14,29,63,78
136,29,-107,-82,122,-39,-126,-43,-24,9,43,53
82,9,-73,-46,78,-31,-102,-43,-39,-4,14,19
48,-9,-58,-19,53,-34,-92,-48,-48,-19,-9,4
24,-19,-43,-2,34,-31,-78,-53,-48,-24,-9,-4
14,-19,-34,2,24,-26,-73,-58,-48,-29,-9,-14
4,-19,-24,7,14,-21,-68,-63,-58,-34,-14,-19
0,-19,-19,9,9,-19,-63,-63,-63,-43,-24,-24
0,-29,-29,14,14,-29,-63,-63,-63,-43,-24,-24
0,-34,-34,17,17,-34,-63,-63,-63,-43,-24,-24
0,-34,-34,17,17,-34,-58,-63,-63,-39,-24,-19
0,-34,-34,17,17,-34,-58,-63,-63,-34,-24,-14
-4,-34,-29,19,12,-31,-58,-68,-68,-34,-19,-14
-14,-39,-24,26,4,-31,-58,-68,-68,-39,-19,-19
-14,-39,-24,26,4,-31,-53,-68,-68,-39,-19,-19
-14,-43,-29,29,7,-36,-53,-63,-63,-39,-19,-19
-14,-39,-24,26,4,-31,-53,-63,-63,-39,-19,-19
-14,-34,-19,24,2,-26,-53,-63,-63,-39,-19,-19
-9,-34,-24,21,7,-29,-53,-63,-63,-34,-19,-19
-4,-34,-29,19,12,-31,-53,-63,-63,-34,-19,-19
-4,-34,-29,19,12,-31,-63,-78,-73,-34,-19,-19
-4,-39,-34,21,14,-36,-63,-68,-68,-29,-19,-19
-19,-53,-34,36,7,-43,-24,-24,-53,-43,-39,-39
-24,-58,-34,41,4,-46,14,19,-24,-39,-53,-48
-48,-68,-19,58,-14,-43,58,122,78,24,-24,-48
-39,-73,-34,56,-2,-53,122,283,244,146,48,-14
19,-39,-58,9,39,-48,224,551,546,405,214,92
136,24,-112,-80,124,-43,185,688,761,663,414,239
351,92,-258,-222,305,-82,-48,800,980,1000,688,434
585,141,-444,-363,514,-151,-302,795,1034,1166,868,590
712,224,-488,-468,600,-131,-761,-97,331,800,766,629
551,244,-307,-397,429,-31,-1161,-1586,-1044,-258,244,419
322,219,-102,-270,212,58,-1376,-2776,-2318,-1381,-434,58
244,156,-87,-200,165,34,-1420,-2947,-2620,-1747,-727,-136
195,87,-107,-141,151,-9,-1239,-2410,-2196,-1542,-702,-180
175,102,-73,-139,124,14,-1005,-1864,-1717,-1224,-546,-126
63,34,-29,-48,46,2,-634,-1273,-1239,-936,-512,-195
-73,4,78,34,-75,41,-326,-790,-795,-658,-434,-229
-87,4,92,41,-90,48,-190,-458,-444,-385,-248,-146
-78,-29,48,53,-63,9,-68,-204,-185,-180,-122,-97
-58,-29,29,43,-43,0,-4,-82,-102,-102,-68,-63
-58,-29,29,43,-43,0,19,-43,-68,-82,-63,-48
-63,-29,34,46,-48,2,24,-34,-48,-78,-63,-48
-63,-39,24,51,-43,-7,24,-24,-29,-58,-43,-43
-58,-39,19,48,-39,-9,34,0,-24,-39,-39,-43
-53,-34,19,43,-36,-7,43,19,-9,-29,-39,-43
-48,-34,14,41,-31,-9,58,24,4,-19,-34,-43
-48,-39,9,43,-29,-14,68,29,14,-9,-34,-43
-53,-39,14,46,-34,-12,73,34,19,-4,-29,-43
-58,-39,19,48,-39,-9,78,48,29,0,-24,-39
-53,-39,14,46,-34,-12,78,53,34,4,-24,-39
-53,-39,14,46,-34,-12,82,63,39,4,-24,-34
-53,-39,14,46,-34,-12,87,63,39,9,-24,-34
-53,-34,19,43,-36,-7,87,68,43,14,-19,-34
-53,-34,19,43,-36,-7,92,68,53,14,-14,-34
-53,-34,19,43,-36,-7,97,78,58,19,-14,-34
-53,-34,19,43,-36,-7,102,82,63,24,-9,-34
-53,-34,19,43,-36,-7,102,87,68,24,0,-29
-53,-29,24,41,-39,-2,102,97,68,29,0,-29
-53,-24,29,39,-41,2,102,102,78,34,4,-29
-58,-24,34,41,-46,4,102,112,87,39,4,-24
-58,-19,39,39,-48,9,107,117,92,39,9,-24
-63,-14,48,39,-56,17,117,122,102,43,9,-19
-68,-14,53,41,-61,19,126,131,107,43,9,-14
-68,-14,53,41,-61,19,126,136,112,48,9,-14
-68,-14,53,41,-61,19,131,141,117,53,14,-14
-63,-14,48,39,-56,17,136,141,126,53,9,-14
-63,-14,48,39,-56,17,136,146,126,58,9,-14
-58,-14,43,36,-51,14,141,146,131,58,9,-14
-58,-14,43,36,-51,14,146,151,136,58,9,-14
-58,-14,43,36,-51,14,151,161,136,63,4,-14
-63,-19,43,41,-53,12,156,161,141,63,4,-14
-68,-24,43,46,-56,9,156,165,141,63,4,-24
-73,-24,48,48,-61,12,161,165,146,68,9,-29
-78,-24,53,51,-65,14,161,175,146,73,9,-29
-78,-24,53,51,-65,14,170,185,151,73,4,-29
-82,-24,58,53,-70,17,170,190,156,73,4,-29
-82,-24,58,53,-70,17,175,190,156,73,4,-29
-82,-24,58,53,-70,17,180,195,156,68,0,-29
-87,-24,63,56,-75,19,185,200,161,63,0,-29
-92,-19,73,56,-82,26,195,204,161,63,0,-34
-97,-14,82,56,-90,34,204,209,161,68,0,-39
-97,-14,82,56,-90,34,204,209,165,68,-4,-39
-97,-14,82,56,-90,34,214,204,170,63,-4,-39
-102,-19,82,61,-92,31,219,209,165,58,-9,-43
-107,-19,87,63,-97,34,219,209,161,53,-19,-43
-117,-14,102,65,-109,43,234,214,165,53,-19,-43
-122,-14,107,68,-114,46,239,219,170,53,-19,-43
-136,-14,122,75,-129,53,248,224,170,53,-19,-53
-146,-9,136,78,-141,63,258,229,175,48,-24,-53
-146,-4,141,75,-143,68,263,234,180,53,-29,-58
-151,-4,146,78,-148,70,273,234,180,53,-34,-63
-161,0,161,80,-161,80,283,234,185,53,-39,-63
-170,0,170,85,-170,85,292,239,190,53,-39,-63
-180,4,185,87,-183,95,307,248,190,43,-48,-73
-185,9,195,87,-190,102,317,253,190,43,-48,-73
-195,9,204,92,-200,107,322,258,190,43,-53,-73
-209,9,219,100,-214,114,326,258,190,39,-58,-82
-209,14,224,97,-217,119,331,258,190,34,-58,-82
-219,14,234,102,-226,124,341,258,185,29,-63,-87
-219,19,239,100,-229,129,341,258,185,19,-63,-92
-224,24,248,100,-236,136,341,258,180,19,-73,-97
-224,29,253,97,-239,141,346,263,180,24,-63,-97
-224,34,258,95,-241,146,336,268,175,24,-58,-97
-219,43,263,87,-241,153,331,258,180,14,-63,-97
-219,48,268,85,-244,158,317,248,175,14,-63,-92
-204,58,263,73,-234,161,302,244,165,9,-68,-92
-200,68,268,65,-234,168,283,239,161,9,-68,-87
-190,68,258,61,-224,163,268,229,156,9,-63,-78
-170,73,244,48,-207,158,248,229,151,14,-48,-73
-146,78,224,34,-185,151,229,229,151,14,-39,-68
-122,78,200,21,-161,139,204,224,151,19,-29,-53
-97,82,180,7,-139,131,170,214,151,34,-24,-43
-78,87,165,-4,-122,126,141,209,146,43,-9,-29
-58,92,151,-17,-104,122,126,195,141,48,4,-19
-34,92,126,-29,-80,109,102,185,141,63,14,-9
-14,87,102,-36,-58,95,73,165,131,68,24,4
4,87,82,-46,-39,85,48,151,122,68,29,14
14,78,63,-46,-24,70,34,136,122,68,39,24
29,68,39,-48,-4,53,14,131,112,73,48,29
43,68,24,-56,9,46,-4,122,107,78,48,34
53,58,4,-56,24,31,-9,107,97,78,58,43
58,53,-4,-56,31,24,-24,92,87,78,58,43
63,48,-14,-56,39,17,-29,82,82,82,58,43
68,48,-19,-58,43,14,-48,63,68,78,58,48
68,48,-19,-58,43,14,-58,39,58,73,58,53
68,43,-24,-56,46,9,-68,29,43,63,53,53
68,34,-34,-51,51,0,-68,24,34,58,53,48
68,34,-34,-51,51,0,-68,14,24,48,48,43
68,29,-39,-48,53,-4,-68,9,24,39,48,39
68,24,-43,-46,56,-9,-68,0,19,34,43,34
58,24,-34,-41,46,-4,-73,0,19,34,43,34
58,19,-39,-39,48,-9,-73,-4,14,29,43,34
53,14,-39,-34,46,-12,-68,-9,4,24,39,29
53,9,-43,-31,48,-17,-68,-9,4,24,34,29
53,4,-48,-29,51,-21,-68,-9,4,19,34,24
48,4,-43,-26,46,-19,-68,-9,4,19,24,24
39,4,-34,-21,36,-14,-68,-14,0,14,19,24
34,4,-29,-19,31,-12,-63,-14,0,14,19,19
34,4,-29,-19,31,-12,-53,-14,-4,9,14,19
29,0,-29,-14,29,-14,-53,-24,-9,9,14,14
29,-4,-34,-12,31,-19,-48,-34,-9,4,9,14
29,-4,-34,-12,31,-19,-43,-34,-14,4,9,9
34,-4,-39,-14,36,-21,-43,-34,-19,4,9,4
34,-4,-39,-14,36,-21,-48,-34,-19,4,0,4
29,-4,-34,-12,31,-19,-48,-34,-19,0,0,0
14,-9,-24,-2,19,-17,-43,-34,-14,0,-4,4
9,-9,-19,0,14,-14,-43,-29,-9,0,-4,9
9,-14,-24,2,17,-19,-39,-29,-9,0,-4,4
9,-19,-29,4,19,-24,-39,-29,-9,0,-4,0
4,-19,-24,7,14,-21,-34,-24,-9,-4,-4,-4
0,-19,-19,9,9,-19,-29,-19,-9,-4,0,-9
0,-19,-19,9,9,-19,-29,-19,-9,-4,0,-9
0,-19,-19,9,9,-19,-29,-19,-9,-4,0,-14
0,-19,-19,9,9,-19,-29,-19,-9,-9,-9,-14
0,-19,-19,9,9,-19,-29,-19,-9,-14,-14,-14
0,-24,-24,12,12,-24,-29,-19,-14,-19,-14,-19
0,-29,-29,14,14,-29,-29,-19,-14,-24,-19,-19
0,-29,-29,14,14,-29,-29,-19,-19,-19,-19,-24
0,-34,-34,17,17,-34,-29,-19,-19,-14,-19,-24
0,-29,-29,14,14,-29,-29,-19,-19,-14,-24,-29
0,-24,-24,12,12,-24,-29,-19,-19,-14,-24,-29
0,-24,-24,12,12,-24,-29,-24,-24,-19,-24,-29
0,-24,-24,12,12,-24,-34,-29,-24,-19,-24,-29
4,-24,-29,9,17,-26,-34,-29,-24,-19,-24,-29
9,-24,-34,7,21,-29,-39,-34,-29,-24,-24,-24
9,-29,-39,9,24,-34,-39,-34,-29,-24,-24,-19
9,-29,-39,9,24,-34,-39,-34,-29,-24,-24,-19
9,-29,-39,9,24,-34,-43,-39,-34,-24,-24,-24
14,-29,-43,7,29,-36,-48,-43,-34,-24,-24,-24
4,-29,-34,12,19,-31,-48,-43,-39,-24,-24,-19
-4,-34,-29,19,12,-31,-48,-43,-39,-24,-24,-19
0,-34,-34,17,17,-34,-48,-48,-39,-24,-24,-19
0,-34,-34,17,17,-34,-48,-48,-39,-24,-24,-19
4,-34,-39,14,21,-36,-53,-48,-43,-19,-24,-19
9,-34,-43,12,26,-39,-53,-53,-43,-19,-24,-19
4,-34,-39,14,21,-36,-53,-53,-43,-19,-24,-19
4,-39,-43,17,24,-41,-53,-53,-43,-19,-24,-19
9,-39,-48,14,29,-43,-53,-53,-43,-24,-24,-19
9,-39,-48,14,29,-43,-53,-53,-43,-29,-24,-19
9,-34,-43,12,26,-39,-58,-53,-43,-29,-24,-19
9,-29,-39,9,24,-34,-58,-53,-43,-29,-24,-14
9,-29,-39,9,24,-34,-58,-58,-48,-29,-24,-14
9,-29,-39,9,24,-34,-58,-58,-48,-29,-24,-14
9,-34,-43,12,26,-39,-58,-58,-48,-29,-19,-14
9,-39,-48,14,29,-43,-63,-58,-48,-29,-19,-14
4,-34,-39,14,21,-36,-63,-58,-48,-29,-19,-14
0,-34,-34,17,17,-34,-63,-58,-48,-29,-19,-14
4,-34,-39,14,21,-36,-63,-63,-48,-29,-19,-14
9,-29,-39,9,24,-34,-63,-63,-48,-24,-19,-14
9,-34,-43,12,26,-39,-63,-63,-53,-29,-24,-14
14,-34,-48,9,31,-41,-58,-58,-58,-29,-29,-14
19,-34,-53,7,36,-43,-58,-53,-53,-34,-24,-19
29,-24,-53,-2,41,-39,-58,-48,-43,-29,-9,-4
34,-14,-48,-9,41,-31,-58,-43,-39,-19,-9,0
39,-9,-48,-14,43,-29,-58,-39,-39,-9,-9,0
43,4,-39,-24,41,-17,-58,-34,-24,0,0,9
48,19,-29,-34,39,-4,-58,-29,-9,9,9,19
53,24,-29,-39,41,-2,-58,-24,-4,14,19,24
58,34,-24,-46,41,4,-58,-14,0,19,29,29
68,43,-24,-56,46,9,-58,-9,9,29,39,34
73,53,-19,-63,46,17,-58,-4,19,39,48,43
87,58,-29,-73,58,14,-68,-4,19,43,43,39
97,58,-39,-78,68,9,-92,-4,14,43,43,39
107,58,-48,-82,78,4,-122,-14,9,39,43,39
126,63,-63,-95,95,0,-136,-14,9,34,48,48
151,82,-68,-117,109,7,-151,-24,9,43,68,68
156,107,-48,-131,102,29,-165,-34,4,43,78,78
156,126,-29,-141,92,48,-170,-53,0,43,78,78
146,117,-29,-131,87,43,-175,-82,-29,19,63,68
146,97,-48,-122,97,24,-175,-87,-43,14,48,58
146,73,-73,-109,109,0,-165,-68,-39,19,48,58
146,68,-78,-107,112,-4,-151,-48,-24,29,48,63
165,73,-92,-119,129,-9,-146,-43,-19,29,58,63
165,58,-107,-112,136,-24,-131,-43,-19,29,58,68
161,48,-112,-104,136,-31,-131,-43,-29,24,53,68
156,34,-122,-95,139,-43,-126,-53,-34,19,43,58
117,9,-107,-63,112,-48,-107,-63,-43,0,24,34
68,-9,-78,-29,73,-43,-82,-63,-53,-14,0,0
39,-29,-68,-4,53,-48,-73,-68,-58,-29,-19,-14
19,-34,-53,7,36,-43,-63,-68,-58,-29,-19,-14
14,-29,-43,7,29,-36,-63,-68,-58,-29,-19,-14
0,-29,-29,14,14,-29,-58,-73,-63,-29,-19,-19
-9,-29,-19,19,4,-24,-53,-73,-63,-34,-24,-24
-9,-39,-29,24,9,-34,-53,-73,-63,-34,-24,-24
-9,-43,-34,26,12,-39,-53,-73,-63,-34,-24,-24
-9,-43,-34,26,12,-39,-48,-73,-63,-34,-24,-24
-9,-43,-34,26,12,-39,-48,-73,-63,-34,-24,-24
-4,-43,-39,24,17,-41,-53,-78,-68,-34,-24,-24
-4,-48,-43,26,19,-46,-58,-78,-68,-39,-29,-29
-4,-43,-39,24,17,-41,-53,-78,-68,-39,-29,-29
-4,-43,-39,24,17,-41,-53,-73,-63,-39,-29,-29
-4,-43,-39,24,17,-41,-53,-73,-63,-39,-29,-29
-4,-43,-39,24,17,-41,-53,-73,-63,-39,-29,-29
-9,-43,-34,26,12,-39,-48,-73,-63,-34,-29,-29
-14,-43,-29,29,7,-36,-43,-73,-63,-34,-29,-29
-14,-43,-29,29,7,-36,-43,-68,-63,-34,-29,-29
-14,-48,-34,31,9,-41,-34,-39,-48,-29,-29,-29
-24,-58,-34,41,4,-46,4,24,-9,-19,-29,-39
-24,-58,-34,41,4,-46,43,87,43,9,-24,-39
-24,-58,-34,41,4,-46,87,224,190,122,39,-14
9,-53,-63,21,36,-58,151,419,400,292,146,43
107,-14,-122,-46,114,-68,185,624,644,536,322,165
263,53,-209,-158,236,-78,78,697,800,780,531,326
458,117,-341,-287,400,-112,-200,580,800,922,688,468
673,161,-512,-417,592,-175,-497,346,634,893,751,570
688,219,-468,-453,578,-124,-897,-644,-190,356,507,512
414,214,-200,-314,307,7,-1239,-2230,-1688,-873,-156,204
219,175,-43,-197,131,65,-1346,-2952,-2503,-1629,-639,-82
175,97,-78,-136,126,9,-1283,-2654,-2347,-1629,-736,-204
122,39,-82,-80,102,-21,-1068,-2113,-1922,-1395,-688,-234
97,63,-34,-80,65,14,-800,-1561,-1444,-1049,-507,-165
4,0,-4,-2,4,-2,-478,-1019,-995,-771,-448,-209
-112,-24,87,68,-100,31,-219,-585,-580,-502,-346,-219
-107,-14,92,61,-100,39,-112,-326,-312,-283,-190,-136
-78,-39,39,58,-58,0,-19,-146,-136,-131,-92,-87
-58,-39,19,48,-39,-9,29,-53,-73,-73,-53,-63
-58,-39,19,48,-39,-9,39,-43,-58,-73,-63,-58
-63,-39,24,51,-43,-7,43,-34,-39,-68,-63,-58
-63,-48,14,56,-39,-17,43,-24,-19,-48,-43,-53
-63,-48,14,56,-39,-17,53,0,-14,-34,-39,-48
-63,-43,19,53,-41,-12,63,19,0,-29,-39,-43
-58,-43,14,51,-36,-14,68,24,9,-24,-34,-43
-58,-48,9,53,-34,-19,68,29,14,-19,-34,-43
-58,-48,9,53,-34,-19,73,34,19,-14,-29,-43
-58,-48,9,53,-34,-19,78,48,29,-9,-24,-39
-53,-48,4,51,-29,-21,78,53,34,0,-24,-34
-53,-48,4,51,-29,-21,82,63,39,4,-24,-24
-53,-48,4,51,-29,-21,87,63,39,9,-24,-24
-53,-43,9,48,-31,-17,87,68,43,14,-19,-24
-53,-39,14,46,-34,-12,92,68,53,14,-14,-24
-53,-34,19,43,-36,-7,97,78,58,19,-14,-24
-53,-34,19,43,-36,-7,102,82,63,24,-14,-24
-53,-34,19,43,-36,-7,102,87,68,24,-9,-19
-53,-34,19,43,-36,-7,107,97,68,29,-9,-24
-53,-34,19,43,-36,-7,112,102,78,34,-4,-29
-58,-34,24,46,-41,-4,112,112,87,39,-4,-24
-58,-29,29,43,-43,0,117,117,92,39,0,-24
-58,-24,34,41,-46,4,122,122,97,43,0,-24
-58,-24,34,41,-46,4,126,131,97,43,0,-24
-58,-24,34,41,-46,4,126,136,102,48,0,-24
-58,-24,34,41,-46,4,131,141,107,53,4,-24
-58,-24,34,41,-46,4,136,146,122,53,4,-24
-63,-24,39,43,-51,7,136,156,126,58,9,-24
-63,-24,39,43,-51,7,141,156,131,58,9,-19
-68,-24,43,46,-56,9,146,161,136,58,9,-14
-68,-24,43,46,-56,9,151,170,136,63,4,-14
-73,-29,43,51,-58,7,156,170,141,63,4,-14
-68,-29,39,48,-53,4,156,175,136,63,4,-19
-63,-24,39,43,-51,7,161,175,136,68,9,-19
-68,-29,39,48,-53,4,161,180,136,68,9,-19
-68,-34,34,51,-51,0,170,185,141,63,4,-19
-82,-34,48,58,-65,7,170,190,146,63,4,-19
-92,-34,58,63,-75,12,175,190,146,63,4,-19
-92,-29,63,61,-78,17,180,195,146,63,4,-19
-97,-24,73,61,-85,24,185,200,151,63,9,-19
-97,-24,73,61,-85,24,195,204,151,63,9,-24
-97,-24,73,61,-85,24,204,209,151,68,9,-29
-102,-24,78,63,-90,26,204,214,156,68,4,-29
-107,-24,82,65,-95,29,214,214,161,63,4,-29
-112,-24,87,68,-100,31,219,219,161,63,4,-34
-117,-19,97,68,-107,39,219,219,161,63,0,-34
-122,-14,107,68,-114,46,234,219,165,63,0,-34
-122,-14,107,68,-114,46,239,219,170,63,0,-34
-136,-19,117,78,-126,48,248,224,170,63,0,-43
-146,-19,126,82,-136,53,258,229,175,58,-4,-43
-146,-14,131,80,-139,58,263,239,180,58,-9,-48
-151,-14,136,82,-143,61,273,244,180,53,-14,-53
-161,-9,151,85,-156,70,278,244,180,53,-19,-58
-170,-9,161,90,-165,75,283,248,180,53,-19,-63
-180,-4,175,92,-178,85,297,253,180,43,-29,-73
-185,0,185,92,-185,92,307,253,180,43,-29,-73
-190,0,190,95,-190,95,312,258,180,43,-34,-73
-200,0,200,100,-200,100,317,258,180,39,-39,-82
-200,9,209,95,-204,109,317,258,185,34,-43,-78
-209,14,224,97,-217,119,322,258,185,29,-53,-78
-209,24,234,92,-222,129,322,253,185,19,-53,-82
-214,34,248,90,-231,141,322,248,180,19,-63,-87
-214,34,248,90,-231,141,322,248,175,19,-58,-87
-214,34,248,90,-231,141,307,248,165,14,-58,-87
-209,43,253,82,-231,148,307,239,165,4,-63,-92
-209,48,258,80,-234,153,297,229,156,4,-63,-92
-195,53,248,70,-222,151,283,219,146,4,-63,-92
-190,58,248,65,-219,153,263,209,141,9,-58,-87
-180,58,239,61,-209,148,248,200,136,9,-58,-73
-161,63,224,48,-192,143,229,200,131,14,-48,-63
-141,68,209,36,-175,139,204,195,131,14,-39,-58
-122,68,190,26,-156,129,175,185,131,19,-29,-43
-97,73,170,12,-134,122,146,175,131,34,-24,-34
-78,78,156,0,-117,117,122,170,126,43,-9,-19
-53,78,131,-12,-92,104,107,156,117,43,4,-9
-24,73,97,-24,-61,85,82,146,112,53,14,0
-4,68,73,-31,-39,70,53,131,102,53,24,9
14,68,53,-41,-19,61,29,122,92,48,29,14
19,63,43,-41,-12,53,19,107,92,53,39,24
29,58,29,-43,0,43,4,102,82,63,48,29
39,58,19,-48,9,39,-14,92,82,68,48,34
43,48,4,-46,19,26,-19,78,78,68,58,43
48,43,-4,-46,26,19,-34,63,68,63,58,43
53,39,-14,-46,34,12,-39,53,63,63,58,43
58,39,-19,-48,39,9,-53,43,48,63,58,48
58,39,-19,-48,39,9,-58,29,39,63,58,53
58,34,-24,-46,41,4,-68,19,29,53,53,53
58,24,-34,-41,46,-4,-68,14,24,48,53,48
58,19,-39,-39,48,-9,-68,4,14,43,48,43
58,9,-48,-34,53,-19,-68,0,14,39,48,39
58,4,-53,-31,56,-24,-68,-9,9,34,39,34
48,4,-43,-26,46,-19,-73,-9,9,34,34,34
48,4,-43,-26,46,-19,-73,-14,4,29,34,34
43,4,-39,-24,41,-17,-68,-19,-4,24,29,29
43,0,-43,-21,43,-21,-68,-24,-9,24,24,29
43,-4,-48,-19,46,-26,-68,-29,-14,19,24,24
43,-4,-48,-19,46,-26,-63,-29,-14,19,19,24
39,-4,-43,-17,41,-24,-58,-34,-19,14,19,24
34,0,-34,-17,34,-17,-58,-29,-19,14,19,19
34,4,-29,-19,31,-12,-53,-24,-24,9,14,19
29,0,-29,-14,29,-14,-53,-24,-24,9,14,14
29,-4,-34,-12,31,-19,-48,-24,-19,4,9,14
24,-9,-34,-7,29,-21,-43,-24,-19,4,9,9
24,-14,-39,-4,31,-26,-43,-24,-19,4,9,4
24,-14,-39,-4,31,-26,-48,-24,-19,4,0,4
19,-14,-34,-2,26,-24,-48,-24,-19,0,0,0
9,-19,-29,4,19,-24,-43,-24,-19,0,-4,0
9,-19,-29,4,19,-24,-43,-19,-19,0,-4,0
9,-24,-34,7,21,-29,-39,-19,-19,0,-4,-4
9,-29,-39,9,24,-34,-39,-19,-19,0,-4,-9
4,-29,-34,12,19,-31,-39,-19,-19,-9,-9,-9
0,-29,-29,14,14,-29,-39,-19,-19,-14,-9,-9
0,-29,-29,14,14,-29,-39,-19,-19,-14,-9,-9
0,-29,-29,14,14,-29,-39,-19,-19,-14,-9,-14
0,-29,-29,14,14,-29,-39,-19,-19,-14,-14,-14
0,-29,-29,14,14,-29,-39,-19,-19,-14,-14,-14
0,-29,-29,14,14,-29,-39,-19,-24,-19,-14,-19
0,-29,-29,14,14,-29,-39,-19,-24,-24,-19,-19
0,-29,-29,14,14,-29,-39,-19,-29,-24,-19,-24
0,-34,-34,17,17,-34,-39,-19,-29,-24,-19,-24
0,-34,-34,17,17,-34,-39,-19,-29,-19,-19,-24
0,-34,-34,17,17,-34,-39,-19,-29,-14,-14,-19
0,-34,-34,17,17,-34,-39,-24,-34,-19,-14,-14
0,-34,-34,17,17,-34,-43,-29,-34,-19,-14,-9
0,-34,-34,17,17,-34,-43,-29,-34,-19,-14,-14
0,-34,-34,17,17,-34,-48,-34,-39,-24,-14,-14
0,-34,-34,17,17,-34,-48,-34,-39,-29,-14,-9
0,-29,-29,14,14,-29,-48,-34,-39,-34,-14,-9
0,-29,-29,14,14,-29,-53,-39,-43,-34,-14,-14
4,-29,-34,12,19,-31,-58,-43,-43,-34,-14,-14
4,-29,-34,12,19,-31,-58,-43,-48,-34,-19,-14
4,-34,-39,14,21,-36,-58,-43,-48,-34,-24,-19
9,-34,-43,12,26,-39,-58,-48,-48,-34,-24,-19
9,-34,-43,12,26,-39,-58,-48,-48,-34,-24,-19
9,-34,-43,12,26,-39,-63,-48,-53,-34,-24,-19
9,-34,-43,12,26,-39,-63,-53,-53,-39,-24,-19
4,-34,-39,14,21,-36,-63,-53,-53,-34,-24,-19
4,-39,-43,17,24,-41,-63,-53,-53,-29,-24,-19
9,-39,-48,14,29,-43,-63,-53,-53,-29,-24,-19
9,-39,-48,14,29,-43,-63,-53,-53,-29,-24,-19
9,-39,-48,14,29,-43,-68,-53,-53,-29,-24,-19
9,-39,-48,14,29,-43,-68,-53,-53,-29,-24,-14
14,-39,-53,12,34,-46,-68,-58,-58,-29,-24,-9
19,-39,-58,9,39,-48,-68,-58,-58,-29,-24,-4
19,-39,-58,9,39,-48,-68,-58,-58,-29,-19,-4
19,-39,-58,9,39,-48,-73,-58,-58,-29,-19,-4
19,-34,-53,7,36,-43,-73,-58,-58,-29,-19,-4
19,-34,-53,7,36,-43,-73,-58,-58,-29,-19,-4
14,-34,-48,9,31,-41,-73,-58,-58,-29,-24,-4
9,-29,-39,9,24,-34,-73,-53,-53,-24,-24,0
19,-29,-48,4,34,-39,-63,-48,-43,-19,-14,0
29,-29,-58,0,43,-43,-58,-43,-34,-19,-9,0
39,-19,-58,-9,48,-39,-58,-29,-24,-9,0,9
48,-9,-58,-19,53,-34,-58,-19,-19,0,9,19
48,4,-43,-26,46,-19,-63,-19,-14,4,14,19
48,19,-29,-34,39,-4,-68,-19,-9,9,19,19
53,24,-29,-39,41,-2,-68,-14,0,14,24,19
58,34,-24,-46,41,4,-68,-9,9,19,29,24
68,43,-24,-56,46,9,-68,-4,19,29,39,34
82,48,-34,-65,58,7,-73,-4,19,34,39,34
87,48,-39,-68,63,4,-92,-9,9,34,43,39
97,48,-48,-73,73,0,-122,-24,0,34,43,39
117,43,-73,-80,95,-14,-136,-24,0,34,48,48
146,58,-87,-102,117,-14,-151,-29,4,43,68,68
156,97,-58,-126,107,19,-165,-34,9,43,78,78
156,126,-29,-141,92,48,-170,-53,9,43,78,78
141,117,-24,-129,82,46,-175,-82,-19,19,63,68
136,97,-39,-117,87,29,-175,-92,-39,9,48,58
136,63,-73,-100,104,-4,-165,-78,-39,9,48,58
136,43,-92,-90,114,-24,-156,-58,-24,19,48,63
156,58,-97,-107,126,-19,-156,-53,-19,19,58,63
161,58,-102,-109,131,-21,-141,-53,-19,19,58,68
170,48,-122,-109,146,-36,-141,-53,-29,19,58,73
175,39,-136,-107,156,-48,-136,-58,-34,19,53,68
136,14,-122,-75,129,-53,-117,-63,-43,0,34,43
82,-9,-92,-36,87,-51,-92,-63,-53,-14,9,9
43,-29,-73,-7,58,-51,-82,-68,-58,-29,-9,-4
19,-39,-58,9,39,-48,-73,-68,-58,-29,-9,-4
9,-34,-43,12,26,-39,-73,-68,-58,-29,-9,-4
-4,-29,-24,17,9,-26,-68,-73,-63,-29,-9,-9
-9,-29,-19,19,4,-24,-63,-73,-63,-34,-14,-14
-9,-34,-24,21,7,-29,-63,-73,-63,-34,-14,-14
-9,-39,-29,24,9,-34,-63,-73,-63,-34,-19,-14
-9,-43,-34,26,12,-39,-58,-73,-63,-34,-24,-14
-9,-43,-34,26,12,-39,-58,-73,-63,-34,-24,-14
-9,-43,-34,26,12,-39,-58,-78,-68,-34,-24,-14
-14,-43,-29,29,7,-36,-58,-78,-68,-39,-29,-19
-14,-39,-24,26,4,-31,-53,-78,-68,-39,-29,-19
-14,-43,-29,29,7,-36,-53,-73,-63,-39,-29,-19
-14,-43,-29,29,7,-36,-53,-73,-63,-39,-29,-19
-14,-43,-29,29,7,-36,-58,-73,-63,-43,-29,-19
-14,-43,-29,29,7,-36,-63,-73,-63,-43,-29,-19
-19,-43,-24,31,2,-34,-63,-78,-63,-43,-29,-19
-24,-43,-19,34,-2,-31,-63,-82,-63,-43,-29,-19
-24,-48,-24,36,0,-36,-58,-78,-63,-43,-29,-19
-34,-58,-24,46,-4,-41,-24,-34,-39,-39,-29,-29
-34,-63,-29,48,-2,-46,4,0,-34,-48,-53,-48
-34,-68,-34,51,0,-51,39,107,63,29,-19,-43
-34,-73,-39,53,2,-56,151,326,263,170,48,-9
24,-43,-68,9,46,-56,234,561,512,385,195,92
161,19,-141,-90,151,-61,209,761,790,692,444,258
341,82,-258,-212,300,-87,14,766,888,893,629,400
683,131,-551,-407,617,-209,-268,897,1068,1176,873,600
824,195,-629,-509,727,-217,-644,273,590,946,819,649
517,219,-297,-368,407,-39,-1088,-1737,-1215,-473,92,336
292,209,-82,-251,187,63,-1307,-2884,-2318,-1415,-473,34
229,117,-112,-173,170,2,-1337,-2806,-2386,-1615,-707,-161
156,39,-117,-97,136,-39,-1224,-2488,-2196,-1581,-790,-263
151,87,-63,-119,107,12,-980,-1922,-1717,-1234,-595,-170
73,48,-24,-61,48,12,-673,-1361,-1273,-956,-517,-200
-78,24,102,26,-90,63,-351,-829,-790,-649,-414,-239
-112,24,136,43,-124,80,-180,-468,-448,-390,-263,-175
-87,-19,68,53,-78,24,-63,-229,-209,-190,-131,-102
-68,-29,39,48,-53,4,9,-82,-82,-82,-53,-58
-63,-29,34,46,-48,2,19,-63,-68,-82,-63,-58
-63,-29,34,46,-48,2,24,-43,-48,-78,-63,-58
-63,-39,24,51,-43,-7,24,-34,-24,-48,-43,-48
-63,-39,24,51,-43,-7,34,-9,-14,-24,-39,-39
-63,-34,29,48,-46,-2,48,14,0,-19,-39,-34
-58,-34,24,46,-41,-4,58,24,9,-14,-34,-34
-58,-43,14,51,-36,-14,58,29,14,-9,-34,-39
-58,-48,9,53,-34,-19,63,34,19,-4,-29,-43
-58,-48,9,53,-34,-19,68,48,29,0,-19,-39
-53,-48,4,51,-29,-21,68,53,34,4,-14,-39
-53,-43,9,48,-31,-17,73,63,39,4,-14,-34
-53,-39,14,46,-34,-12,78,63,39,9,-14,-34
-53,-34,19,43,-36,-7,82,78,43,19,-9,-29
-53,-34,19,43,-36,-7,92,87,53,24,-4,-24
-53,-34,19,43,-36,-7,97,97,63,29,-4,-24
-53,-34,19,43,-36,-7,102,102,73,34,-4,-24
-53,-34,19,43,-36,-7,97,107,78,34,4,-19
-53,-34,19,43,-36,-7,97,117,78,39,9,-19
-53,-34,19,43,-36,-7,102,122,87,43,14,-19
-58,-34,24,46,-41,-4,102,126,97,48,14,-14
-58,-29,29,43,-43,0,107,122,102,48,19,-14
-58,-24,34,41,-46,4,112,122,107,53,19,-14
-58,-24,34,41,-46,4,117,131,107,53,14,-14
-58,-24,34,41,-46,4,117,136,112,58,9,-14
-58,-24,34,41,-46,4,122,141,112,58,14,-14
-58,-24,34,41,-46,4,126,146,117,53,14,-14
-63,-24,39,43,-51,7,126,156,117,58,19,-14
-63,-24,39,43,-51,7,131,156,122,58,19,-14
-68,-24,43,46,-56,9,136,165,131,63,19,-14
-68,-24,43,46,-56,9,141,180,136,73,14,-14
-73,-34,39,53,-56,2,146,180,141,73,14,-14
-73,-39,34,56,-53,-2,146,185,141,73,14,-19
-73,-34,39,53,-56,2,151,185,146,78,19,-19
-78,-34,43,56,-61,4,151,190,146,78,19,-19
-78,-29,48,53,-63,9,161,195,151,78,14,-19
-82,-24,58,53,-70,17,161,200,156,82,14,-19
-82,-24,58,53,-70,17,165,200,161,82,19,-19
-82,-24,58,53,-70,17,170,204,165,82,19,-19
-87,-24,63,56,-75,19,175,209,170,82,19,-19
-92,-24,68,58,-80,21,185,214,170,82,19,-24
-92,-24,68,58,-80,21,195,224,170,87,19,-29
-92,-24,68,58,-80,21,195,234,175,87,14,-29
-97,-24,73,61,-85,24,204,234,180,87,14,-29
-102,-24,78,63,-90,26,209,239,180,92,14,-34
-107,-19,87,63,-97,34,209,239,180,92,9,-34
-112,-14,97,63,-104,41,224,244,185,92,9,-34
-117,-14,102,65,-109,43,229,248,190,87,9,-29
-136,-14,122,75,-129,53,239,253,190,82,9,-34
-146,-4,141,75,-143,68,248,253,195,78,4,-34
-146,4,151,70,-148,78,253,253,200,78,0,-39
-146,4,151,70,-148,78,263,253,200,78,4,-43
-151,9,161,70,-156,85,268,253,200,82,9,-43
-161,9,170,75,-165,90,273,258,204,82,9,-43
-170,14,185,78,-178,100,283,263,209,73,0,-53
-175,19,195,78,-185,107,287,263,209,63,-9,-53
-180,19,200,80,-190,109,292,263,209,53,-24,-53
-195,14,209,90,-202,112,297,258,204,48,-34,-63
-200,19,219,90,-209,119,302,258,200,43,-39,-63
-214,24,239,95,-226,131,312,248,195,39,-43,-68
-219,29,248,95,-234,139,312,239,195,29,-43,-73
-224,34,258,95,-241,146,312,239,190,29,-53,-82
-224,34,258,95,-241,146,312,239,185,29,-53,-87
-219,29,248,95,-234,139,302,244,175,29,-53,-87
-209,34,244,87,-226,139,302,239,175,24,-53,-87
-209,39,248,85,-229,143,287,229,165,24,-53,-82
-195,43,239,75,-217,141,273,219,156,19,-53,-82
-195,53,248,70,-222,151,253,209,146,14,-58,-78
-190,58,248,65,-219,153,239,200,141,9,-63,-73
-175,63,239,56,-207,151,224,200,136,9,-53,-68
-161,68,229,46,-195,148,209,200,131,4,-48,-63
-141,63,204,39,-173,134,185,195,131,9,-39,-53
-117,63,180,26,-148,122,156,185,131,24,-34,-43
-97,68,165,14,-131,117,131,180,126,34,-19,-29
-78,68,146,4,-112,107,117,170,122,34,-4,-19
-53,63,117,-4,-85,90,92,165,122,43,4,-9
-34,58,92,-12,-63,75,63,151,112,48,14,4
-9,58,68,-24,-39,63,39,141,97,48,19,14
4,53,48,-29,-21,51,29,126,92,53,29,24
19,53,34,-36,-7,43,14,122,82,63,39,29
29,58,29,-43,0,43,-4,112,82,68,39,34
39,48,9,-43,14,29,-9,97,82,68,53,43
48,43,-4,-46,26,19,-24,82,78,63,58,43
58,39,-19,-48,39,9,-34,73,73,68,58,48
68,39,-29,-53,48,4,-48,63,58,68,58,53
68,39,-29,-53,48,4,-48,48,48,63,58,53
68,34,-34,-51,51,0,-58,39,39,53,53,53
68,24,-43,-46,56,-9,-58,34,34,48,53,43
68,24,-43,-46,56,-9,-58,24,24,48,48,39
63,14,-48,-39,56,-17,-53,19,24,48,48,39
58,4,-53,-31,56,-24,-48,9,19,43,43,34
48,4,-43,-26,46,-19,-53,9,19,43,43,34
48,4,-43,-26,46,-19,-53,4,14,39,43,34
48,4,-43,-26,46,-19,-48,0,4,29,39,29
53,0,-53,-26,53,-26,-48,0,4,24,34,29
53,-4,-58,-24,56,-31,-48,0,4,19,34,24
53,-4,-58,-24,56,-31,-48,0,4,19,29,24
48,-4,-53,-21,51,-29,-48,-4,4,19,29,24
43,-4,-48,-19,46,-26,-48,-4,9,24,29,19
43,-4,-48,-19,46,-26,-48,-4,4,19,19,19
39,-9,-48,-14,43,-29,-53,-4,4,19,14,14
39,-9,-48,-14,43,-29,-48,-4,9,14,9,14
34,-4,-39,-14,36,-21,-43,-4,9,14,9,9
34,-4,-39,-14,36,-21,-43,-4,9,14,9,4
34,-4,-39,-14,36,-21,-43,-4,9,14,0,4
29,-9,-39,-9,34,-24,-39,-4,9,9,0,0
19,-19,-39,0,29,-29,-34,-4,9,9,-4,0
14,-19,-34,2,24,-26,-29,0,9,9,-4,0
9,-24,-34,7,21,-29,-19,0,9,9,-4,-4
9,-29,-39,9,24,-34,-19,0,4,9,-4,-9
4,-29,-34,12,19,-31,-19,0,0,4,-9,-9
0,-29,-29,14,14,-29,-24,0,0,4,-9,-9
0,-29,-29,14,14,-29,-29,0,0,4,-9,-9
0,-29,-29,14,14,-29,-29,-4,0,4,-9,-14
0,-29,-29,14,14,-29,-29,-9,0,4,-14,-14
0,-29,-29,14,14,-29,-29,-9,0,4,-14,-14
0,-29,-29,14,14,-29,-29,-9,-4,0,-14,-19
0,-34,-34,17,17,-34,-29,-4,-4,-9,-19,-19
0,-39,-39,19,19,-39,-29,0,-9,-14,-19,-24
0,-43,-43,21,21,-43,-29,0,-9,-14,-14,-24
0,-43,-43,21,21,-43,-29,0,-9,-14,-14,-24
0,-34,-34,17,17,-34,-29,0,-9,-9,-14,-19
0,-24,-24,12,12,-24,-29,-4,-14,-9,-14,-19
0,-24,-24,12,12,-24,-34,-9,-14,-9,-14,-19
0,-24,-24,12,12,-24,-34,-9,-14,-9,-14,-24
0,-29,-29,14,14,-29,-39,-14,-19,-19,-19,-24
0,-39,-39,19,19,-39,-39,-14,-19,-24,-24,-19
0,-39,-39,19,19,-39,-34,-14,-19,-24,-24,-19
0,-39,-39,19,19,-39,-34,-19,-24,-24,-24,-24
4,-39,-43,17,24,-41,-39,-24,-24,-24,-24,-24
4,-34,-39,14,21,-36,-39,-24,-29,-24,-24,-19
4,-34,-39,14,21,-36,-39,-24,-29,-24,-24,-19
9,-34,-43,12,26,-39,-39,-29,-29,-24,-24,-19
9,-34,-43,12,26,-39,-39,-29,-29,-24,-24,-19
9,-34,-43,12,26,-39,-43,-29,-34,-24,-24,-19
9,-34,-43,12,26,-39,-48,-34,-34,-19,-19,-19
4,-34,-39,14,21,-36,-53,-34,-34,-9,-14,-19
4,-39,-43,17,24,-41,-53,-34,-34,-9,-14,-19
9,-39,-48,14,29,-43,-53,-34,-34,-9,-14,-19
14,-39,-53,12,34,-46,-53,-34,-34,-14,-14,-19
19,-39,-58,9,39,-48,-58,-34,-34,-19,-14,-19
19,-39,-58,9,39,-48,-58,-29,-34,-19,-9,-14
19,-39,-58,9,39,-48,-58,-29,-39,-19,-4,-14
19,-39,-58,9,39,-48,-53,-29,-39,-14,-4,-14
19,-39,-58,9,39,-48,-48,-29,-39,-9,0,-14
19,-34,-53,7,36,-43,-53,-29,-39,-9,-4,-14
19,-24,-43,2,31,-34,-53,-29,-39,-9,-9,-14
14,-24,-39,4,26,-31,-53,-29,-39,-19,-14,-19
19,-19,-39,0,29,-29,-53,-24,-39,-24,-19,-24
24,-29,-53,2,39,-41,-48,-14,-24,-4,-4,-9
29,-39,-68,4,48,-53,-48,-9,-9,9,9,0
39,-24,-63,-7,51,-43,-48,-9,-9,9,14,0
48,-9,-58,-19,53,-34,-48,-9,-9,9,19,0
48,0,-48,-24,48,-24,-48,-14,-4,14,19,9
53,9,-43,-31,48,-17,-48,-9,0,19,24,14
58,24,-34,-41,46,-4,-48,-9,9,29,29,24
63,34,-29,-48,46,2,-48,-4,19,39,39,34
73,39,-34,-56,53,2,-58,-4,19,43,39,34
78,39,-39,-58,58,0,-82,-4,14,43,43,39
87,39,-48,-63,68,-4,-112,-14,9,43,43,39
107,43,-63,-75,85,-9,-126,-14,9,43,48,48
136,68,-68,-102,102,0,-141,-14,19,58,73,68
146,97,-48,-122,97,24,-156,-14,24,63,87,78
151,126,-24,-139,87,51,-161,-34,19,63,87,78
146,126,-19,-136,82,53,-165,-63,-9,39,73,68
146,92,-53,-119,100,19,-165,-73,-29,29,53,58
146,53,-92,-100,119,-19,-156,-58,-29,29,48,58
141,43,-97,-92,119,-26,-146,-39,-14,39,48,63
156,43,-112,-100,134,-34,-146,-34,-9,39,58,63
161,34,-126,-97,143,-46,-131,-39,-9,39,58,68
161,29,-131,-95,146,-51,-131,-43,-19,34,53,68
170,24,-146,-97,158,-61,-136,-48,-24,29,43,63
146,9,-136,-78,141,-63,-126,-53,-34,9,24,43
82,-9,-92,-36,87,-51,-92,-48,-43,-4,0,9
39,-29,-68,-4,53,-48,-73,-48,-48,-19,-19,-4
14,-39,-53,12,34,-46,-58,-48,-48,-19,-19,-4
4,-39,-43,17,24,-41,-53,-48,-48,-19,-19,-4
-4,-39,-34,21,14,-36,-48,-53,-53,-19,-19,-9
-9,-39,-29,24,9,-34,-43,-53,-53,-24,-24,-14
-9,-43,-34,26,12,-39,-43,-53,-53,-29,-24,-19
-9,-43,-34,26,12,-39,-43,-53,-53,-34,-24,-24
-14,-43,-29,29,7,-36,-39,-53,-53,-34,-24,-24
-19,-43,-24,31,2,-34,-39,-53,-53,-34,-24,-24
-19,-48,-29,34,4,-39,-39,-58,-53,-29,-19,-24
-24,-58,-34,41,4,-46,-39,-58,-48,-29,-19,-29
-24,-58,-34,41,4,-46,-34,-58,-48,-29,-19,-24
-24,-63,-39,43,7,-51,-34,-53,-43,-29,-19,-19
-19,-58,-39,39,9,-48,-39,-53,-43,-29,-24,-19
-14,-53,-39,34,12,-46,-43,-53,-43,-29,-29,-19
-14,-53,-39,34,12,-46,-43,-53,-48,-29,-29,-19
-14,-53,-39,34,12,-46,-43,-53,-53,-34,-29,-19
-14,-53,-39,34,12,-46,-48,-68,-58,-34,-29,-19
-14,-58,-43,36,14,-51,-43,-58,-48,-29,-29,-19
-24,-73,-48,48,12,-61,-9,-9,-34,-39,-39,-39
-24,-78,-53,51,14,-65,24,39,-4,-29,-43,-48
-39,-82,-43,61,2,-63,68,161,117,63,0,-39
-19,-82,-63,51,21,-73,131,341,302,214,87,4
58,-43,-102,-7,80,-73,239,634,624,488,273,131
195,24,-170,-109,183,-73,204,795,858,761,492,297
424,97,-326,-261,375,-114,-43,834,980,1015,722,473
673,151,-522,-412,597,-185,-312,756,936,1098,858,610
741,234,-507,-488,624,-136,-727,-214,190,663,707,624
522,253,-268,-387,395,-7,-1083,-1781,-1229,-463,136,390
273,234,-39,-253,156,97,-1268,-2815,-2303,-1429,-468,48
175,175,0,-175,87,87,-1283,-2830,-2405,-1639,-688,-126
146,122,-24,-134,85,48,-1141,-2332,-2039,-1459,-668,-161
146,151,4,-148,70,78,-946,-1825,-1620,-1166,-517,-97
43,87,43,-65,0,65,-585,-1215,-1132,-858,-458,-161
-82,63,146,9,-114,104,-287,-712,-678,-561,-356,-190
-102,39,141,31,-122,90,-161,-409,-370,-317,-200,-112
-97,-19,78,58,-87,29,-48,-185,-156,-141,-102,-68
-68,-29,39,48,-53,4,9,-68,-78,-73,-58,-48
-58,-39,19,48,-39,-9,29,-34,-48,-63,-63,-48
-63,-39,24,51,-43,-7,34,-24,-29,-58,-63,-48
-63,-48,14,56,-39,-17,34,-14,-9,-39,-43,-43
-58,-48,9,53,-34,-19,48,9,-4,-24,-39,-39
-53,-43,9,48,-31,-17,63,29,9,-19,-39,-34
-48,-43,4,46,-26,-19,68,39,19,-14,-34,-34
-48,-48,0,48,-24,-24,68,48,24,-9,-34,-34
-53,-48,4,51,-29,-21,73,53,29,0,-29,-34
-58,-48,9,53,-34,-19,78,68,39,9,-24,-29
-53,-48,4,51,-29,-21,78,73,43,14,-19,-29
-53,-48,4,51,-29,-21,82,82,48,14,-14,-24
-53,-48,4,51,-29,-21,87,82,48,19,-14,-24
-53,-43,9,48,-31,-17,87,87,53,24,-9,-24
-53,-43,9,48,-31,-17,92,82,63,24,-4,-24
-53,-43,9,48,-31,-17,97,87,68,29,-4,-24
-53,-43,9,48,-31,-17,102,92,73,34,-4,-24
-53,-43,9,48,-31,-17,102,97,78,34,0,-19
-53,-43,9,48,-31,-17,107,107,78,39,-4,-24
-53,-43,9,48,-31,-17,112,112,87,43,-4,-29
-58,-43,14,51,-36,-14,112,117,92,48,-4,-24
-58,-39,19,48,-39,-9,117,117,92,48,0,-24
-58,-34,24,46,-41,-4,117,117,97,53,0,-24
-58,-34,24,46,-41,-4,117,122,97,53,0,-24
-58,-34,24,46,-41,-4,117,126,102,53,0,-19
-58,-34,24,46,-41,-4,122,131,107,53,4,-14
-53,-34,19,43,-36,-7,131,141,117,53,4,-14
-53,-34,19,43,-36,-7,136,156,117,58,9,-14
-53,-39,14,46,-34,-12,141,156,122,58,9,-19
-58,-43,14,51,-36,-14,146,161,126,58,9,-24
-63,-43,19,53,-41,-12,146,165,126,58,4,-24
-73,-48,24,61,-48,-12,146,161,131,53,4,-24
-73,-43,29,58,-51,-7,146,165,131,53,4,-24
-73,-34,39,53,-56,2,151,165,136,58,9,-19
-73,-34,39,53,-56,2,151,170,136,63,9,-19
-68,-34,34,51,-51,0,161,175,141,63,4,-19
-73,-34,39,53,-56,2,161,180,146,63,4,-19
-73,-34,39,53,-56,2,165,180,146,63,4,-19
-78,-34,43,56,-61,4,170,185,146,63,0,-19
-87,-34,53,61,-70,9,175,190,151,63,0,-19
-92,-34,58,63,-75,12,185,195,151,63,0,-24
-97,-34,63,65,-80,14,195,200,151,68,0,-29
-97,-34,63,65,-80,14,195,204,156,68,-4,-29
-97,-34,63,65,-80,14,204,204,161,63,-4,-29
-102,-34,68,68,-85,17,209,209,165,68,0,-34
-107,-29,78,68,-92,24,209,209,170,73,0,-34
-107,-24,82,65,-95,29,219,214,175,73,0,-29
-102,-24,78,63,-90,26,219,219,180,73,0,-24
-117,-24,92,70,-104,34,229,224,175,73,0,-34
-126,-19,107,73,-117,43,239,229,175,68,-4,-34
-126,-14,112,70,-119,48,244,229,175,68,-9,-39
-131,-14,117,73,-124,51,253,224,170,63,-14,-43
-141,-9,131,75,-136,61,258,224,170,63,-19,-48
-151,-9,141,80,-146,65,263,229,170,63,-19,-53
-165,0,165,82,-165,82,273,234,170,48,-29,-63
-175,9,185,82,-180,97,278,234,170,43,-29,-63
-180,9,190,85,-185,100,283,234,170,43,-34,-63
-190,9,200,90,-195,104,287,229,170,39,-39,-73
-190,14,204,87,-197,109,292,224,170,34,-43,-73
-200,14,214,92,-207,114,302,219,165,29,-53,-78
-195,19,214,87,-204,117,302,219,161,9,-53,-82
-195,24,219,85,-207,122,302,219,151,0,-63,-87
-195,24,219,85,-207,122,302,219,146,0,-63,-87
-195,24,219,85,-207,122,287,219,136,-4,-68,-87
-200,39,239,80,-219,139,283,209,136,-4,-73,-92
-209,48,258,80,-234,153,268,200,126,4,-73,-92
-195,53,248,70,-222,151,258,190,117,-9,-78,-92
-190,58,248,65,-219,153,244,180,112,-19,-78,-87
-180,48,229,65,-204,139,229,170,102,-19,-78,-82
-161,43,204,58,-183,124,209,170,92,-14,-68,-82
-141,48,190,46,-165,119,200,170,92,-14,-58,-78
-122,48,170,36,-146,109,185,165,92,-9,-48,-63
-102,53,156,24,-129,104,156,156,92,4,-48,-53
-87,58,146,14,-117,102,131,151,87,14,-39,-39
-68,58,126,4,-97,92,117,146,87,14,-24,-29
-43,53,97,-4,-70,75,92,146,92,24,-14,-19
-19,53,73,-17,-46,63,63,131,87,39,4,0
4,58,53,-31,-24,56,39,122,82,48,19,14
14,53,39,-34,-12,46,29,112,82,43,29,24
29,48,19,-39,4,34,14,112,73,43,39,29
39,48,9,-43,14,29,-4,102,73,48,39,34
43,39,-4,-41,24,17,-9,87,68,48,48,43
48,34,-14,-41,31,9,-24,73,58,48,48,39
53,29,-24,-41,39,2,-29,63,53,53,48,34
58,24,-34,-41,46,-4,-39,58,43,53,48,34
58,19,-39,-39,48,-9,-39,48,39,53,48,34
58,14,-43,-36,51,-14,-48,39,34,43,43,39
58,4,-53,-31,56,-24,-48,34,34,39,43,39
58,4,-53,-31,56,-24,-48,24,24,39,39,39
58,0,-58,-29,58,-29,-48,19,24,39,39,39
58,-4,-63,-26,61,-34,-53,9,19,34,34,39
48,-4,-53,-21,51,-29,-63,9,19,34,34,43
48,-4,-53,-21,51,-29,-63,4,14,29,34,43
43,-4,-48,-19,46,-26,-58,0,4,24,29,39
43,-9,-53,-17,48,-31,-58,0,4,24,24,34
43,-14,-58,-14,51,-36,-58,0,4,19,24,24
43,-14,-58,-14,51,-36,-53,0,4,19,19,24
39,-14,-53,-12,46,-34,-48,-4,0,14,19,24
34,-14,-48,-9,41,-31,-48,-4,0,19,19,24
34,-14,-48,-9,41,-31,-43,-4,-4,19,14,29
29,-19,-48,-4,39,-34,-43,-4,-4,19,19,24
29,-24,-53,-2,41,-39,-39,-4,0,14,19,24
24,-24,-48,0,36,-36,-34,0,0,14,19,19
24,-24,-48,0,36,-36,-34,4,0,14,19,14
24,-19,-43,-2,34,-31,-39,4,0,14,9,14
19,-14,-34,-2,26,-24,-39,4,0,9,9,9
9,-19,-29,4,19,-24,-34,0,0,9,0,9
9,-19,-29,4,19,-24,-34,0,0,9,-4,9
14,-24,-39,4,26,-31,-29,0,0,9,-4,4
19,-29,-48,4,34,-39,-29,0,0,9,-4,0
14,-29,-43,7,29,-36,-29,0,0,4,-9,0
9,-29,-39,9,24,-34,-29,0,0,4,-9,0
9,-29,-39,9,24,-34,-29,0,0,4,-9,0
9,-29,-39,9,24,-34,-29,0,0,4,-9,-4
9,-34,-43,12,26,-39,-29,0,0,4,-14,-4
9,-39,-48,14,29,-43,-29,0,0,4,-14,-4
4,-39,-43,17,24,-41,-29,0,-4,0,-14,-9
0,-39,-39,19,19,-39,-29,0,-4,-4,-19,-9
0,-34,-34,17,17,-34,-29,0,-9,-4,-19,-14
0,-34,-34,17,17,-34,-29,0,-9,-4,-19,-14
0,-34,-34,17,17,-34,-29,0,-9,-4,-24,-24
0,-34,-34,17,17,-34,-29,0,-9,-4,-24,-29
4,-39,-43,17,24,-41,-29,-4,-14,-9,-24,-19
9,-43,-53,17,31,-48,-34,-9,-14,-9,-24,-9
9,-43,-53,17,31,-48,-34,-4,-14,-9,-24,-14
9,-43,-53,17,31,-48,-39,-4,-19,-14,-24,-14
4,-48,-53,21,29,-51,-34,-4,-19,-14,-24,-9
0,-48,-48,24,24,-48,-29,-4,-19,-14,-24,-9
0,-48,-48,24,24,-48,-34,-14,-24,-14,-24,-14
4,-48,-53,21,29,-51,-39,-24,-24,-14,-24,-14
4,-39,-43,17,24,-41,-39,-24,-29,-14,-24,-9
4,-34,-39,14,21,-36,-39,-24,-29,-14,-24,-9
9,-34,-43,12,26,-39,-39,-29,-29,-14,-14,-9
9,-34,-43,12,26,-39,-39,-29,-29,-14,-4,-9
9,-34,-43,12,26,-39,-43,-29,-34,-14,-14,-9
9,-34,-43,12,26,-39,-43,-34,-34,-19,-24,-9
4,-39,-43,17,24,-41,-43,-34,-34,-19,-24,-9
4,-48,-53,21,29,-51,-43,-34,-34,-19,-24,-9
9,-48,-58,19,34,-53,-43,-34,-34,-19,-24,-14
9,-48,-58,19,34,-53,-43,-34,-34,-19,-24,-19
9,-43,-53,17,31,-48,-48,-34,-34,-19,-24,-19
9,-39,-48,14,29,-43,-48,-34,-34,-19,-24,-14
9,-39,-48,14,29,-43,-48,-39,-39,-19,-19,-9
9,-39,-48,14,29,-43,-48,-39,-39,-19,-14,-4
9,-43,-53,17,31,-48,-48,-34,-39,-19,-9,-4
9,-48,-58,19,34,-53,-53,-29,-39,-19,-9,-4
9,-48,-58,19,34,-53,-53,-29,-39,-19,-9,-4
14,-53,-68,19,41,-61,-53,-29,-39,-19,-9,-4
24,-39,-63,7,43,-51,-48,-24,-34,-14,-4,0
34,-24,-58,-4,46,-41,-48,-24,-29,-9,-4,4
39,-9,-48,-14,43,-29,-48,-19,-19,0,0,4
48,0,-48,-24,48,-24,-48,-19,-9,9,9,9
48,4,-43,-26,46,-19,-48,-14,0,19,19,19
48,9,-39,-29,43,-14,-48,-9,9,29,29,29
53,19,-34,-36,43,-7,-48,-4,14,34,34,29
58,29,-29,-43,43,0,-48,0,19,39,39,34
63,43,-19,-53,41,12,-53,4,29,43,48,43
73,48,-24,-61,48,12,-63,4,29,43,48,43
78,43,-34,-61,56,4,-82,4,24,43,48,48
87,39,-48,-63,68,-4,-112,-4,19,43,43,48
107,43,-63,-75,85,-9,-122,-4,19,48,48,63
136,68,-68,-102,102,0,-131,-9,24,63,68,87
146,97,-48,-122,97,24,-146,-14,24,63,82,97
146,117,-29,-131,87,43,-151,-34,19,63,87,97
136,107,-29,-122,82,39,-156,-63,-9,39,73,87
136,87,-48,-112,92,19,-156,-73,-29,29,58,78
131,63,-68,-97,100,-2,-146,-58,-29,29,58,78
126,53,-73,-90,100,-9,-136,-39,-14,39,58,82
146,53,-92,-100,119,-19,-136,-29,-9,39,63,78
151,39,-112,-95,131,-36,-122,-24,-9,39,58,78
151,29,-122,-90,136,-46,-122,-24,-19,34,53,78
146,19,-126,-82,136,-53,-117,-29,-24,29,43,68
107,0,-107,-53,107,-53,-97,-34,-29,9,24,43
53,-19,-73,-17,63,-46,-73,-34,-34,-4,0,9
24,-43,-68,9,46,-56,-63,-39,-39,-19,-19,-4
9,-58,-68,24,39,-63,-53,-39,-39,-19,-19,-4
9,-58,-68,24,39,-63,-53,-39,-39,-19,-19,0
4,-58,-63,26,34,-61,-48,-43,-43,-19,-19,0
0,-58,-58,29,29,-58,-43,-43,-43,-24,-24,-4
0,-63,-63,31,31,-63,-43,-43,-43,-24,-24,-4
-4,-58,-53,31,24,-56,-43,-43,-43,-24,-19,-4
-9,-53,-43,31,17,-48,-39,-43,-43,-24,-14,-4
-9,-53,-43,31,17,-48,-39,-43,-48,-29,-14,-9
-9,-53,-43,31,17,-48,-39,-48,-58,-34,-14,-14
-14,-58,-43,36,14,-51,-39,-48,-58,-39,-24,-19
-14,-58,-43,36,14,-51,-34,-48,-58,-39,-29,-19
-14,-68,-53,41,19,-61,-34,-43,-53,-34,-29,-14
-14,-73,-58,43,21,-65,-34,-43,-53,-29,-29,-9
-14,-73,-58,43,21,-65,-34,-43,-48,-29,-29,-9
-14,-73,-58,43,21,-65,-34,-43,-43,-24,-29,-9
-14,-73,-58,43,21,-65,-34,-39,-43,-24,-29,-9
-14,-73,-58,43,21,-65,-34,-34,-43,-24,-29,-9
-14,-68,-53,41,19,-61,-24,-4,-24,-14,-24,-9
-24,-68,-43,46,9,-56,14,63,19,0,-19,-19
-19,-68,-48,43,14,-58,53,141,97,53,0,-14
-14,-68,-53,41,19,-61,97,292,268,195,78,14
39,-63,-102,12,70,-82,136,473,478,390,200,92
151,-24,-175,-63,163,-100,146,668,736,658,400,239
292,48,-244,-170,268,-97,19,692,858,873,610,405
478,122,-356,-300,417,-117,-278,522,800,980,756,546
629,170,-458,-400,544,-143,-575,112,419,766,722,595
580,234,-346,-407,463,-56,-966,-1054,-619,39,390,492
336,234,-102,-285,219,65,-1234,-2376,-1883,-1010,-180,229
175,200,24,-187,75,112,-1278,-2835,-2444,-1581,-590,-24
151,151,0,-151,75,75,-1205,-2498,-2230,-1537,-658,-117
117,117,0,-117,58,58,-990,-1922,-1756,-1259,-575,-117
82,141,58,-112,12,100,-732,-1400,-1288,-922,-409,-58
-24,78,102,-26,-63,90,-409,-883,-854,-653,-361,-122
-122,24,146,48,-134,85,-170,-483,-483,-414,-283,-161
-102,-4,97,53,-100,46,-82,-253,-253,-224,-156,-97
-78,-39,39,58,-58,0,0,-97,-97,-92,-73,-53
-58,-39,19,48,-39,-9,39,-34,-53,-53,-43,-39
-58,-39,19,48,-39,-9,48,-24,-39,-53,-53,-39
-63,-39,24,51,-43,-7,53,-14,-19,-48,-53,-39
-63,-53,9,58,-36,-21,53,-4,0,-29,-34,-34
-63,-58,4,61,-34,-26,63,19,4,-14,-29,-29
-63,-53,9,58,-36,-21,73,39,19,-9,-29,-24
-58,-53,4,56,-31,-24,78,43,29,-4,-24,-24
-58,-58,0,58,-29,-29,73,48,34,0,-29,-24
-58,-58,0,58,-29,-29,73,53,39,4,-29,-24
-58,-58,0,58,-29,-29,78,68,48,9,-24,-19
-53,-58,-4,56,-24,-31,78,73,53,14,-24,-19
-53,-58,-4,56,-24,-31,82,82,58,14,-24,-14
-53,-58,-4,56,-24,-31,87,82,58,19,-24,-14
-53,-53,0,53,-26,-26,87,87,58,24,-19,-19
-53,-53,0,53,-26,-26,92,87,63,24,-14,-24
-53,-53,0,53,-26,-26,102,97,68,29,-14,-24
-53,-53,0,53,-26,-26,112,102,73,34,-14,-24
-53,-53,0,53,-26,-26,112,107,78,34,-9,-14
-53,-53,0,53,-26,-26,117,117,78,39,-9,-9
-53,-58,-4,56,-24,-31,122,122,82,43,-4,-9
-58,-63,-4,61,-26,-34,122,126,87,48,-4,-4
-58,-58,0,58,-29,-29,126,126,92,48,0,-4
-58,-53,4,56,-31,-24,131,131,97,53,0,-4
-63,-53,9,58,-36,-21,136,136,97,48,0,-9
-68,-53,14,61,-41,-19,136,136,102,48,0,-14
-68,-48,19,58,-43,-14,141,141,107,53,4,-14
-68,-43,24,56,-46,-9,146,146,117,53,4,-14
-73,-43,29,58,-51,-7,146,156,117,58,9,-19
-73,-43,29,58,-51,-7,151,156,122,58,9,-24
-73,-43,29,58,-51,-7,156,161,126,58,9,-24
-68,-43,24,56,-46,-9,161,170,126,63,4,-24
-73,-53,19,63,-46,-17,165,170,131,63,4,-24
-73,-58,14,65,-43,-21,165,175,131,63,4,-29
-73,-53,19,63,-46,-17,170,175,136,68,9,-24
-78,-53,24,65,-51,-14,170,180,136,68,9,-19
-78,-48,29,63,-53,-9,175,185,141,63,4,-19
-82,-43,39,63,-61,-2,170,190,146,63,4,-19
-82,-43,39,63,-61,-2,175,185,146,63,4,-19
-82,-43,39,63,-61,-2,180,185,146,63,0,-19
-87,-43,43,65,-65,0,185,190,151,63,0,-19
-92,-43,48,68,-70,2,195,195,151,63,0,-24
-97,-43,53,70,-75,4,204,200,151,68,4,-29
-102,-43,58,73,-80,7,204,204,156,68,4,-29
-107,-43,63,75,-85,9,214,204,161,63,4,-29
-112,-43,68,78,-90,12,219,209,161,63,4,-34
-117,-39,78,78,-97,19,219,209,161,63,-4,-34
-122,-34,87,78,-104,26,234,214,165,63,-9,-34
-122,-34,87,78,-104,26,239,214,170,63,-9,-34
-136,-34,102,85,-119,34,248,214,170,63,-9,-43
-151,-29,122,90,-136,46,258,219,170,58,-14,-43
-156,-24,131,90,-143,53,263,224,170,58,-19,-48
-161,-29,131,95,-146,51,273,224,170,48,-29,-53
-170,-29,141,100,-156,56,278,224,170,43,-39,-53
-175,-29,146,102,-161,58,283,229,170,43,-39,-53
-180,-24,156,102,-168,65,292,234,170,34,-48,-63
-185,-14,170,100,-178,78,297,234,170,34,-48,-63
-190,-9,180,100,-185,85,302,234,170,34,-53,-63
-200,-9,190,104,-195,90,302,224,170,24,-58,-73
-200,0,200,100,-200,100,302,219,170,14,-58,-73
-214,4,219,104,-217,112,312,219,165,9,-63,-78
-219,9,229,104,-224,119,312,219,165,0,-63,-82
-224,14,239,104,-231,126,312,219,161,0,-73,-87
-224,14,239,104,-231,126,312,219,156,0,-73,-87
-219,14,234,102,-226,124,297,224,151,0,-73,-87
-209,24,234,92,-222,129,292,219,156,-4,-73,-87
-209,29,239,90,-224,134,278,214,146,-4,-68,-82
-195,34,229,80,-212,131,263,209,136,-9,-63,-82
-185,39,224,73,-204,131,244,204,131,0,-58,-68
-170,39,209,65,-190,124,229,200,131,9,-53,-53
-151,43,195,53,-173,119,209,200,131,14,-43,-53
-131,48,180,41,-156,114,190,200,131,14,-39,-53
-112,43,156,34,-134,100,165,195,131,19,-29,-39
-87,43,131,21,-109,87,136,185,131,34,-24,-24
-68,48,117,9,-92,82,112,180,126,43,-9,-9
-48,48,97,0,-73,73,97,170,122,43,4,0
-24,48,73,-12,-48,61,73,165,122,58,19,9
-4,48,53,-21,-29,51,43,151,112,68,34,24
14,48,34,-31,-9,41,19,136,102,68,39,34
24,43,19,-34,2,31,9,117,102,73,48,43
39,39,0,-39,19,19,0,112,92,78,58,48
48,39,-9,-43,29,14,-14,102,92,78,58,53
53,29,-24,-41,39,2,-19,87,87,78,68,58
58,24,-34,-41,46,-4,-34,73,78,73,68,53
63,19,-43,-41,53,-12,-39,68,73,73,68,53
68,19,-48,-43,58,-14,-48,63,58,68,68,53
63,14,-48,-39,56,-17,-48,48,43,63,63,53
58,4,-53,-31,56,-24,-58,39,29,53,53,53
58,-4,-63,-26,61,-34,-58,29,24,48,53,48
58,-4,-63,-26,61,-34,-58,14,14,48,48,48
58,-4,-63,-26,61,-34,-58,9,14,48,48,48
58,-4,-63,-26,61,-34,-58,0,9,43,43,43
53,-4,-58,-24,56,-31,-63,0,9,43,43,43
58,-4,-63,-26,61,-34,-63,-4,4,39,43,43
53,-4,-58,-24,56,-31,-58,-9,-4,34,39,39
53,-9,-63,-21,58,-36,-58,-9,-4,34,34,39
53,-14,-68,-19,61,-41,-58,-9,-4,29,34,34
53,-14,-68,-19,61,-41,-58,-9,-4,29,29,34
43,-14,-58,-14,51,-36,-58,-14,-9,24,29,34
34,-14,-48,-9,41,-31,-58,-14,-9,24,29,29
34,-14,-48,-9,41,-31,-53,-14,-14,19,24,29
29,-19,-48,-4,39,-34,-53,-14,-14,19,24,24
29,-24,-53,-2,41,-39,-48,-9,-9,14,19,24
24,-24,-48,0,36,-36,-43,-4,-9,14,19,19
24,-24,-48,0,36,-36,-43,-4,-9,14,24,14
24,-24,-48,0,36,-36,-43,-4,-9,14,19,14
19,-24,-43,2,31,-34,-39,-4,-4,9,19,9
9,-29,-39,9,24,-34,-34,-4,0,9,14,9
14,-29,-43,7,29,-36,-34,0,0,9,9,9
19,-34,-53,7,36,-43,-29,0,0,9,4,4
19,-39,-58,9,39,-48,-29,0,0,9,4,0
14,-39,-53,12,34,-46,-29,0,0,4,0,0
4,-39,-43,17,24,-41,-29,0,0,4,0,0
0,-39,-39,19,19,-39,-29,0,0,4,0,0
0,-39,-39,19,19,-39,-29,0,0,4,0,-4
0,-39,-39,19,19,-39,-29,0,0,4,-4,-4
0,-39,-39,19,19,-39,-29,0,0,4,-4,-4
0,-39,-39,19,19,-39,-29,0,-4,0,-4,-9
0,-39,-39,19,19,-39,-29,0,-9,-4,-9,-9
0,-39,-39,19,19,-39,-29,0,-19,-4,-9,-14
0,-43,-43,21,21,-43,-29,-4,-19,-4,-9,-14
0,-43,-43,21,21,-43,-29,-9,-19,-4,-14,-14
0,-48,-48,24,24,-48,-29,-9,-19,-4,-14,-9
0,-53,-53,26,26,-53,-29,-14,-24,-9,-14,-9
0,-53,-53,26,26,-53,-34,-19,-24,-9,-14,-9
0,-53,-53,26,26,-53,-34,-19,-24,-9,-14,-14
0,-53,-53,26,26,-53,-39,-24,-29,-14,-14,-14
0,-58,-58,29,29,-58,-39,-24,-29,-14,-14,-9
0,-58,-58,29,29,-58,-39,-24,-29,-14,-9,-9
0,-58,-58,29,29,-58,-43,-29,-34,-14,-4,-14
4,-58,-63,26,34,-61,-48,-34,-34,-14,-4,-14
4,-53,-58,24,31,-56,-48,-34,-39,-14,-4,-9
9,-48,-58,19,34,-53,-48,-34,-39,-14,-4,-9
19,-43,-63,12,41,-53,-48,-39,-39,-14,-4,-9
19,-43,-63,12,41,-53,-48,-39,-39,-14,-4,-9
19,-43,-63,12,41,-53,-53,-39,-43,-14,-4,-9
19,-48,-68,14,43,-58,-53,-43,-43,-19,-9,-9
14,-53,-68,19,41,-61,-53,-43,-43,-19,-14,-9
9,-58,-68,24,39,-63,-53,-43,-43,-19,-14,-9
9,-58,-68,24,39,-63,-53,-43,-43,-19,-14,-9
9,-53,-63,21,36,-58,-53,-43,-43,-19,-14,-9
9,-48,-58,19,34,-53,-58,-43,-43,-19,-14,-9
9,-48,-58,19,34,-53,-58,-43,-43,-19,-14,-4
9,-48,-58,19,34,-53,-58,-48,-48,-19,-14,-4
9,-48,-58,19,34,-53,-58,-48,-48,-19,-14,-4
9,-48,-58,19,34,-53,-58,-48,-48,-19,-9,-4
9,-48,-58,19,34,-53,-63,-48,-48,-19,-9,-4
9,-43,-53,17,31,-48,-63,-48,-48,-19,-9,-4
9,-43,-53,17,31,-48,-63,-53,-48,-19,-9,-9
19,-39,-58,9,39,-48,-63,-53,-48,-14,-9,-14
19,-34,-53,7,36,-43,-58,-48,-39,-9,-4,-9
24,-34,-58,4,41,-46,-58,-43,-34,-9,0,-4
29,-29,-58,0,43,-43,-58,-34,-24,0,4,4
