I,II,III,aVR,aVL,aVF,V1,V2,V3,V4,V5,V6
-27,98,109,-57,-87,125,-24,-63,-20,-55,-63,-71
-27,98,109,-57,-87,125,-24,-63,-20,-55,-63,-71
-27,98,109,-57,-87,125,-24,-63,-20,-55,-63,-71
-27,98,109,-57,-87,125,-24,-63,-20,-55,-63,-71
-27,98,109,-57,-87,125,-24,-63,-20,-55,-63,-70
-27,98,109,-57,-87,125,-24,-63,-20,-55,-63,-69
-27,98,109,-57,-87,125,-24,-63,-20,-55,-63,-67
-27,98,109,-57,-87,125,-24,-63,-20,-55,-63,-67
-27,98,109,-57,-87,125,-24,-64,-21,-55,-63,-66
-27,98,109,-57,-87,125,-24,-65,-22,-55,-63,-66
-27,98,109,-57,-87,125,-24,-66,-23,-55,-63,-66
-27,98,109,-57,-87,125,-24,-67,-23,-55,-63,-66
-27,98,109,-57,-87,125,-24,-67,-23,-55,-63,-66
-27,98,109,-57,-87,125,-24,-67,-23,-55,-63,-66
-27,98,109,-57,-87,125,-24,-67,-23,-55,-63,-66
-27,98,109,-57,-87,125,-25,-67,-24,-55,-63,-66
-27,98,109,-57,-87,125,-26,-67,-25,-55,-63,-66
-27,98,109,-57,-87,125,-27,-67,-25,-55,-63,-66
-27,98,109,-57,-87,125,-29,-67,-26,-55,-63,-66
-27,98,109,-57,-87,125,-29,-67,-27,-55,-63,-66
-27,98,109,-57,-87,125,-30,-67,-27,-55,-63,-66
-27,98,109,-57,-87,125,-30,-67,-27,-55,-63,-66
-27,98,109,-57,-87,125,-30,-67,-27,-55,-63,-66
-26,98,108,-57,-86,124,-30,-67,-27,-55,-63,-66
-24,97,106,-57,-84,122,-30,-67,-27,-55,-63,-66
-22,96,104,-57,-82,120,-30,-67,-27,-55,-63,-66
-20,95,102,-57,-79,118,-30,-67,-27,-55,-63,-66
-19,94,100,-57,-78,117,-29,-67,-27,-55,-63,-66
-19,94,100,-57,-77,117,-28,-67,-27,-55,-63,-66
-18,93,99,-57,-77,116,-27,-67,-27,-55,-63,-66
-18,93,99,-57,-77,116,-26,-67,-27,-55,-63,-66
-19,93,99,-57,-77,116,-25,-68,-27,-55,-63,-66
-21,92,99,-55,-78,115,-25,-69,-27,-55,-63,-66
-22,91,99,-54,-78,115,-24,-69,-27,-55,-63,-66
-25,90,99,-53,-79,114,-24,-70,-27,-55,-63,-66
-26,89,99,-52,-80,114,-24,-71,-27,-55,-63,-66
-26,89,99,-51,-80,114,-24,-71,-27,-55,-63,-66
-27,89,99,-51,-80,113,-24,-72,-27,-55,-63,-66
-27,89,99,-51,-80,113,-24,-72,-27,-55,-63,-66
-27,88,99,-51,-80,113,-24,-71,-27,-54,-63,-66
-27,87,98,-50,-79,112,-24,-70,-26,-54,-63,-65
-27,86,97,-49,-78,110,-24,-69,-25,-53,-63,-64
-27,85,96,-48,-78,109,-24,-68,-24,-52,-63,-62
-27,84,95,-48,-77,108,-24,-68,-24,-52,-63,-62
-27,84,95,-48,-77,108,-24,-67,-24,-51,-63,-61
-27,84,95,-48,-77,108,-24,-67,-23,-51,-63,-61
-27,84,95,-48,-77,108,-24,-67,-23,-51,-63,-61
-27,83,94,-47,-77,107,-24,-67,-24,-52,-63,-61
-27,82,93,-47,-76,106,-24,-67,-25,-52,-63,-61
-27,81,92,-46,-75,105,-24,-67,-25,-53,-63,-61
-27,80,91,-45,-75,103,-24,-67,-26,-54,-63,-61
-27,80,91,-45,-74,103,-24,-67,-27,-54,-63,-61
-27,79,90,-44,-74,102,-24,-67,-27,-55,-63,-61
-27,79,90,-44,-74,102,-24,-67,-27,-55,-63,-61
-27,79,90,-44,-74,102,-24,-67,-27,-55,-63,-61
-27,80,91,-45,-74,103,-24,-67,-27,-55,-63,-61
-27,80,92,-45,-75,104,-24,-67,-27,-55,-63,-61
-27,81,92,-46,-75,105,-24,-67,-27,-55,-63,-61
-27,83,94,-47,-76,106,-24,-67,-27,-55,-63,-61
-27,83,94,-47,-77,107,-24,-67,-27,-54,-63,-61
-27,84,95,-47,-77,107,-24,-67,-27,-54,-63,-61
-27,84,95,-48,-77,108,-24,-67,-27,-53,-63,-61
-27,84,95,-48,-77,108,-24,-67,-27,-52,-63,-61
-27,83,94,-47,-77,107,-24,-67,-27,-52,-63,-61
-27,82,93,-47,-76,106,-24,-67,-27,-51,-63,-61
-27,81,92,-46,-75,105,-24,-67,-27,-51,-63,-61
-27,81,92,-45,-75,104,-24,-67,-27,-51,-63,-61
-27,80,92,-45,-75,104,-24,-67,-27,-51,-63,-61
-27,80,91,-45,-75,103,-24,-67,-27,-51,-63,-61
-27,80,91,-45,-75,103,-24,-67,-27,-51,-63,-61
-27,80,91,-45,-75,103,-24,-67,-27,-51,-63,-61
-27,80,91,-45,-75,103,-24,-67,-27,-51,-63,-61
-24,82,91,-47,-73,105,-21,-64,-26,-50,-62,-59
-20,84,91,-50,-72,106,-16,-60,-24,-48,-60,-57
-19,85,91,-51,-71,106,-14,-59,-23,-48,-59,-57
-18,85,91,-52,-71,106,-14,-59,-23,-48,-59,-56
-18,85,92,-52,-72,107,-13,-58,-22,-48,-58,-56
-18,86,93,-53,-72,108,-13,-58,-22,-48,-57,-56
-18,87,94,-53,-73,109,-13,-58,-21,-48,-56,-56
-17,89,94,-54,-73,110,-13,-58,-20,-47,-56,-56
-16,90,95,-56,-73,111,-13,-58,-20,-47,-56,-56
-14,91,95,-57,-72,112,-13,-58,-20,-46,-55,-56
-12,92,95,-59,-71,113,-13,-58,-20,-45,-55,-56
-10,93,95,-60,-71,114,-13,-58,-19,-44,-55,-56
-10,95,96,-61,-72,115,-13,-57,-19,-43,-54,-55
-9,96,97,-62,-72,116,-13,-56,-18,-42,-54,-54
-9,97,98,-63,-73,117,-13,-55,-17,-41,-53,-53
-7,98,98,-65,-72,118,-14,-54,-16,-41,-52,-51
-2,99,97,-68,-69,118,-15,-54,-16,-41,-51,-50
4,100,95,-71,-65,117,-16,-54,-16,-41,-50,-49
10,102,92,-74,-62,117,-17,-54,-16,-41,-49,-48
15,102,91,-76,-58,116,-19,-54,-16,-41,-48,-46
18,103,89,-77,-56,116,-22,-55,-17,-41,-48,-45
20,103,88,-78,-55,115,-24,-56,-18,-41,-48,-44
22,103,87,-79,-53,114,-27,-57,-19,-41,-48,-43
24,103,86,-80,-52,114,-30,-59,-20,-41,-48,-42
24,103,86,-80,-52,114,-34,-62,-22,-42,-50,-42
25,103,86,-80,-51,114,-38,-65,-23,-44,-52,-42
25,103,86,-80,-51,114,-42,-68,-25,-46,-54,-42
25,102,85,-80,-51,113,-45,-70,-27,-47,-55,-42
25,101,84,-79,-50,112,-46,-71,-28,-48,-55,-43
25,100,84,-78,-50,111,-46,-71,-29,-49,-55,-44
25,99,82,-78,-49,109,-47,-72,-30,-50,-55,-45
25,98,81,-76,-48,107,-47,-72,-31,-51,-55,-46
25,95,79,-75,-46,105,-47,-72,-31,-51,-55,-46
25,93,77,-74,-45,102,-47,-72,-31,-51,-55,-46
25,91,74,-72,-43,99,-47,-72,-31,-51,-55,-46
24,89,73,-70,-43,98,-46,-71,-31,-51,-55,-46
22,88,73,-69,-43,96,-43,-70,-30,-50,-55,-46
20,86,72,-67,-43,95,-41,-69,-29,-49,-55,-46
18,85,72,-65,-44,94,-38,-68,-28,-49,-55,-46
15,84,73,-63,-46,94,-36,-67,-28,-48,-55,-46
11,83,73,-61,-48,94,-34,-66,-27,-48,-55,-46
7,81,74,-59,-50,94,-33,-65,-27,-48,-55,-46
3,80,75,-56,-52,94,-31,-64,-27,-48,-55,-46
-1,79,76,-54,-54,93,-30,-63,-27,-48,-56,-47
-5,76,76,-51,-56,92,-29,-63,-27,-48,-57,-48
-9,74,76,-48,-57,91,-27,-63,-27,-48,-57,-49
-14,72,76,-44,-59,89,-26,-63,-27,-48,-58,-50
-17,70,76,-41,-60,88,-25,-63,-28,-48,-59,-51
-20,67,75,-39,-60,86,-25,-63,-28,-48,-59,-53
-22,65,74,-36,-61,84,-24,-63,-29,-48,-59,-54
-25,62,73,-33,-61,82,-24,-63,-30,-48,-59,-55
-26,61,72,-32,-61,80,-24,-63,-31,-48,-60,-56
-26,60,72,-32,-61,80,-24,-63,-31,-49,-61,-56
-27,60,72,-31,-61,80,-24,-63,-31,-49,-61,-56
-27,60,72,-31,-61,80,-24,-63,-31,-50,-62,-56
-27,60,72,-31,-61,80,-24,-63,-31,-51,-63,-56
-27,60,72,-31,-61,80,-24,-63,-31,-51,-63,-56
-27,60,72,-31,-61,80,-24,-63,-31,-51,-63,-56
-27,60,72,-31,-61,80,-24,-63,-31,-51,-63,-56
-27,60,72,-31,-61,80,-24,-63,-31,-51,-63,-56
-27,60,72,-31,-61,80,-23,-63,-31,-51,-63,-56
-27,60,72,-31,-61,80,-22,-63,-31,-51,-63,-56
-27,60,72,-31,-61,80,-20,-63,-31,-51,-63,-56
-27,60,72,-31,-61,80,-19,-63,-31,-51,-63,-56
-27,60,72,-31,-61,80,-17,-63,-31,-51,-63,-56
-27,60,72,-31,-61,80,-16,-63,-31,-51,-63,-56
-27,60,72,-31,-61,80,-15,-63,-31,-51,-63,-56
-28,60,72,-30,-61,80,-14,-63,-31,-51,-63,-56
-31,59,73,-28,-63,80,-14,-63,-31,-51,-63,-56
-35,58,74,-26,-66,80,-13,-63,-31,-51,-63,-56
-40,56,75,-24,-68,80,-13,-63,-31,-51,-63,-56
-43,56,76,-22,-70,80,-13,-62,-30,-51,-63,-56
-44,55,76,-22,-70,80,-13,-61,-29,-49,-62,-56
-44,55,76,-21,-70,80,-13,-61,-27,-48,-61,-56
-44,55,77,-21,-71,80,-14,-60,-26,-46,-61,-57
-44,55,77,-21,-71,80,-14,-59,-24,-44,-60,-57
-27,55,68,-28,-58,74,-8,-54,-24,-44,-60,-57
-44,55,77,-21,-71,80,9,-50,-24,-44,-63,-61
-44,50,72,-18,-67,74,14,-45,-20,-44,-63,-61
-53,46,72,-11,-71,71,25,-37,-12,-41,-63,-61
-53,46,72,-11,-71,71,36,-23,-5,-37,-60,-61
-44,50,72,-18,-67,74,47,-10,14,-23,-48,-57
-44,50,72,-18,-67,74,53,7,25,-12,-40,-47
-36,50,68,-21,-61,71,53,21,44,13,-25,-37
-10,60,63,-37,-48,74,47,25,52,27,-9,-22
25,65,49,-54,-26,69,42,34,74,53,18,-7
59,74,40,-74,-6,69,42,47,100,81,46,22
102,89,31,-100,16,71,20,47,115,110,77,52
171,108,13,-139,55,71,-14,38,123,135,108,86
206,122,8,-162,71,77,-41,21,130,160,139,120
249,141,3,-192,91,85,-80,-15,123,174,166,150
300,155,-10,-221,120,85,-141,-59,112,189,193,184
352,179,-15,-257,142,97,-196,-107,93,196,217,214
387,203,-10,-287,152,114,-252,-147,74,196,236,243
395,217,-1,-300,149,128,-274,-169,63,196,236,248
395,217,-1,-300,149,128,-296,-191,48,182,225,248
395,179,-38,-274,175,83,-302,-208,18,139,178,214
387,146,-65,-248,191,46,-313,-226,-31,88,127,179
344,122,-65,-215,175,32,-313,-252,-73,35,77,140
266,112,-33,-179,123,46,-307,-288,-114,-19,30,106
206,108,-6,-152,81,60,-296,-305,-144,-59,-9,71
145,98,17,-123,42,69,-274,-310,-170,-102,-52,32
76,84,40,-87,0,74,-257,-314,-208,-155,-102,-17
25,79,63,-64,-35,85,-230,-314,-230,-195,-141,-57
-1,79,77,-54,-55,94,-196,-283,-208,-177,-133,-66
-10,84,86,-54,-64,102,-174,-244,-167,-148,-118,-57
-10,84,86,-54,-64,102,-152,-204,-136,-123,-102,-57
-10,84,86,-54,-64,102,-135,-178,-114,-102,-91,-52
-10,84,86,-54,-64,102,-108,-147,-95,-87,-79,-47
-27,84,95,-47,-77,108,-86,-125,-76,-77,-75,-47
-27,79,90,-44,-74,102,-75,-111,-65,-69,-71,-47
-27,79,90,-44,-74,102,-58,-89,-50,-59,-63,-42
-27,74,86,-41,-71,97,-36,-72,-39,-51,-60,-42
-27,65,77,-34,-64,85,-30,-63,-31,-44,-60,-47
-10,65,68,-41,-51,80,-25,-59,-27,-44,-60,-52
-27,55,68,-28,-58,74,-25,-59,-27,-44,-60,-52
-27,55,68,-28,-58,74,-25,-59,-27,-44,-60,-52
-27,55,68,-28,-58,74,-14,-54,-27,-44,-60,-52
-27,55,67,-28,-57,73,-8,-47,-22,-41,-57,-48
-27,54,66,-27,-56,72,-4,-44,-20,-40,-56,-47
-27,53,65,-26,-56,71,1,-41,-18,-39,-56,-47
-27,52,64,-25,-55,70,4,-39,-17,-38,-55,-46
-27,50,63,-25,-54,68,8,-37,-16,-37,-55,-46
-27,49,62,-24,-54,67,10,-35,-15,-36,-55,-46
-27,48,60,-23,-53,65,11,-34,-14,-35,-55,-46
-27,47,59,-22,-52,64,13,-33,-13,-34,-55,-46
-27,46,59,-22,-51,63,14,-32,-13,-34,-55,-46
-27,46,58,-21,-51,63,16,-31,-12,-34,-55,-46
-27,46,58,-21,-51,63,17,-30,-12,-33,-55,-46
-27,46,58,-21,-51,63,18,-29,-12,-33,-55,-46
-27,46,58,-21,-51,63,19,-28,-12,-33,-55,-46
-27,46,58,-21,-51,63,19,-26,-12,-32,-54,-46
-27,46,58,-21,-51,63,20,-25,-12,-32,-54,-46
-27,46,58,-21,-51,63,20,-24,-12,-31,-53,-46
-27,46,58,-21,-51,63,20,-23,-12,-30,-52,-46
-27,46,58,-21,-51,63,20,-22,-12,-29,-52,-45
-27,46,58,-21,-51,63,20,-21,-12,-28,-52,-44
-27,46,58,-21,-51,63,20,-20,-12,-27,-52,-43
-26,46,58,-22,-50,62,20,-19,-12,-26,-51,-42
-24,46,57,-22,-49,62,20,-19,-11,-25,-50,-40
-22,46,56,-23,-48,61,20,-19,-10,-24,-50,-39
-20,46,55,-24,-46,61,20,-19,-9,-23,-49,-38
-18,46,54,-25,-45,60,20,-18,-8,-23,-48,-37
-16,46,52,-25,-43,59,20,-17,-8,-22,-47,-37
-14,46,51,-26,-41,58,20,-17,-7,-21,-46,-37
-12,46,50,-27,-40,58,20,-15,-6,-20,-45,-37
-10,46,49,-28,-39,57,20,-14,-4,-19,-44,-36
-10,46,49,-28,-38,57,20,-13,-2,-18,-44,-35
-9,46,49,-28,-38,57,20,-12,1,-17,-44,-34
-9,46,49,-28,-38,57,20,-11,4,-16,-44,-33
-9,46,49,-28,-38,57,20,-10,6,-16,-44,-32
-9,46,49,-28,-38,57,21,-9,7,-16,-44,-32
-9,46,49,-28,-38,57,22,-8,8,-15,-44,-32
-9,46,49,-28,-38,57,24,-7,9,-15,-44,-32
-9,46,49,-28,-38,57,25,-6,10,-15,-43,-32
-9,46,49,-28,-38,57,25,-4,11,-14,-43,-32
-9,46,49,-28,-38,57,25,-3,12,-14,-42,-32
-9,46,49,-28,-38,57,25,-2,13,-13,-41,-32
-9,46,49,-28,-38,57,26,-1,14,-12,-40,-31
-9,46,49,-28,-38,57,27,1,14,-11,-39,-30
-9,46,49,-28,-38,57,28,3,14,-10,-38,-29
-9,46,49,-28,-38,57,29,5,14,-9,-37,-28
-8,46,48,-28,-37,57,30,7,14,-8,-36,-27
-5,46,46,-30,-35,56,30,10,15,-6,-35,-27
-1,46,44,-31,-32,54,31,12,16,-5,-34,-27
3,46,42,-33,-28,53,31,14,17,-3,-33,-27
7,46,41,-34,-26,52,31,16,18,-1,-32,-26
9,47,40,-36,-25,53,32,19,19,1,-31,-25
12,48,40,-37,-24,53,34,21,20,2,-30,-24
14,49,40,-39,-23,54,35,23,20,4,-29,-23
15,50,41,-40,-23,55,36,25,21,6,-28,-22
16,52,41,-41,-24,56,36,26,22,8,-27,-22
16,53,42,-42,-24,57,36,27,23,9,-26,-22
16,54,43,-43,-25,59,36,28,24,11,-25,-22
17,55,44,-44,-25,59,37,30,26,13,-24,-21
19,55,43,-45,-24,59,38,32,27,15,-22,-20
20,55,42,-46,-22,59,39,34,29,17,-20,-19
22,55,41,-47,-21,58,40,36,31,18,-18,-18
25,55,40,-47,-19,57,41,39,33,21,-17,-17
27,55,39,-48,-17,56,42,42,35,23,-16,-16
29,55,38,-49,-16,56,42,45,36,26,-15,-15
31,55,37,-50,-14,55,42,48,38,28,-14,-13
32,55,36,-50,-13,55,42,51,41,31,-13,-12
33,55,36,-51,-13,55,43,54,43,33,-12,-11
33,55,35,-51,-13,55,45,56,46,35,-11,-10
33,55,35,-51,-13,55,46,58,49,36,-10,-8
34,55,35,-51,-12,54,47,60,51,38,-8,-7
36,55,34,-52,-11,54,49,63,53,40,-7,-4
38,55,33,-52,-9,53,50,65,55,42,-5,-2
40,55,32,-53,-8,52,52,67,57,44,-3,0
42,56,32,-54,-7,53,52,69,59,45,-1,2
44,58,32,-56,-6,54,53,71,61,47,1,4
46,60,33,-59,-6,56,53,74,63,49,3,5
48,62,34,-61,-6,58,53,76,65,51,5,6
50,64,35,-63,-6,60,53,78,67,52,6,7
50,66,37,-64,-7,61,55,80,68,53,7,9
50,67,38,-65,-8,63,56,82,70,54,9,10
50,68,39,-66,-9,64,57,85,72,55,10,11
50,70,40,-67,-9,66,58,86,74,56,11,12
50,71,41,-68,-10,67,58,88,76,58,13,14
50,72,42,-69,-11,69,58,89,78,60,14,15
50,73,43,-70,-12,70,58,90,80,61,16,16
52,74,44,-71,-12,71,58,91,81,63,18,18
55,75,43,-73,-10,71,58,92,82,65,19,20
59,77,42,-75,-8,71,58,93,83,67,20,22
63,78,41,-78,-5,71,58,94,84,69,21,25
67,79,41,-80,-4,72,58,95,85,70,22,27
69,80,40,-82,-3,72,58,95,85,71,23,28
72,81,40,-83,-1,73,58,96,85,72,24,29
74,83,40,-85,-1,73,58,96,85,73,25,31
75,83,40,-86,0,74,58,95,85,74,26,31
76,84,40,-86,0,74,58,94,85,74,26,32
76,84,40,-87,0,74,58,93,85,74,26,32
76,84,40,-87,0,74,58,92,85,74,26,32
76,83,40,-86,1,74,58,91,85,74,26,32
76,82,39,-86,1,73,57,89,83,73,26,32
76,81,38,-85,2,71,56,87,82,72,26,32
76,80,37,-84,3,70,54,85,80,71,26,32
76,79,35,-83,4,69,52,82,77,70,26,32
76,78,34,-83,4,67,50,79,75,68,26,32
76,77,33,-82,5,66,47,76,72,67,26,32
76,75,32,-81,6,64,45,72,69,65,26,32
75,74,32,-80,6,63,42,69,66,63,25,31
72,73,32,-77,4,63,39,63,62,59,24,30
68,72,33,-75,2,63,36,58,57,56,22,29
63,71,34,-73,-1,63,34,53,52,53,20,28
60,69,35,-70,-2,62,31,48,48,49,18,27
57,67,34,-68,-3,60,30,43,44,46,16,26
55,65,33,-65,-3,59,28,38,40,44,14,25
53,62,32,-63,-3,56,27,34,36,41,12,23
50,60,31,-61,-3,55,25,30,32,38,10,21
48,59,31,-59,-4,54,24,25,28,34,5,18
46,58,31,-57,-5,53,22,21,23,29,1,15
44,56,31,-55,-5,52,21,16,19,25,-4,11
41,55,31,-53,-6,51,20,12,14,21,-8,7
37,53,31,-50,-8,50,18,7,9,17,-11,4
33,50,31,-47,-9,49,17,3,5,13,-15,0
29,48,31,-44,-11,47,16,-1,0,9,-18,-3
25,46,30,-41,-12,46,15,-5,-4,6,-20,-7
23,43,30,-38,-12,44,14,-7,-6,3,-22,-9
20,41,29,-36,-13,42,14,-10,-8,1,-24,-12
18,39,27,-33,-13,40,14,-12,-10,-2,-26,-15
16,36,26,-31,-13,38,14,-14,-12,-4,-28,-16
14,34,25,-29,-13,35,14,-17,-14,-6,-29,-17
12,31,24,-26,-13,33,14,-19,-16,-8,-30,-17
9,29,23,-24,-13,31,14,-21,-18,-10,-31,-17
7,27,22,-22,-13,30,14,-22,-19,-11,-32,-17
6,27,23,-21,-14,30,14,-23,-20,-13,-33,-18
4,27,23,-20,-15,30,14,-23,-21,-13,-34,-19
4,27,24,-20,-15,30,14,-23,-21,-13,-34,-19
3,27,24,-20,-15,30,14,-23,-22,-14,-34,-19
3,27,24,-20,-15,30,14,-23,-22,-14,-34,-19
3,27,24,-20,-15,30,14,-23,-22,-14,-34,-19
3,27,24,-20,-15,30,14,-23,-22,-14,-34,-19
-4,25,26,-16,-20,31,14,-25,-25,-15,-36,-22
-13,23,29,-11,-26,31,14,-27,-29,-18,-39,-25
-16,22,30,-9,-27,31,14,-27,-30,-19,-39,-26
-18,22,30,-8,-28,32,14,-28,-31,-19,-40,-27
-18,22,31,-8,-28,32,14,-28,-31,-19,-40,-27
-18,22,31,-8,-28,32,14,-28,-31,-20,-41,-27
-18,22,31,-8,-28,32,14,-28,-31,-21,-42,-27
-18,22,31,-8,-28,32,14,-28,-31,-22,-43,-27
-18,22,31,-9,-29,32,14,-28,-31,-22,-43,-27
-18,23,32,-9,-29,33,12,-28,-32,-22,-44,-28
-18,24,33,-10,-30,35,11,-28,-33,-23,-44,-29
-18,25,34,-11,-31,36,10,-28,-34,-23,-44,-30
-18,26,35,-11,-31,37,9,-28,-34,-23,-43,-31
-18,26,35,-11,-32,37,9,-28,-35,-23,-43,-31
-18,27,35,-11,-32,37,9,-28,-35,-23,-42,-32
-18,27,35,-11,-32,37,9,-28,-35,-23,-41,-32
-18,26,35,-11,-31,37,9,-27,-34,-23,-40,-31
-18,25,34,-11,-31,36,9,-26,-34,-23,-40,-30
-18,24,33,-10,-30,35,9,-25,-33,-23,-40,-29
-18,23,32,-9,-29,33,9,-24,-32,-23,-40,-28
-18,22,31,-8,-28,32,9,-24,-31,-23,-40,-27
-18,21,30,-7,-28,30,10,-23,-31,-23,-40,-27
-18,20,28,-7,-27,29,11,-23,-31,-23,-40,-27
-18,18,27,-6,-26,28,13,-23,-31,-23,-40,-27
-18,18,27,-5,-26,27,14,-23,-31,-23,-40,-27
-18,17,26,-5,-26,26,14,-23,-31,-23,-41,-27
-18,17,26,-5,-25,26,14,-23,-31,-23,-42,-27
-18,17,26,-5,-25,26,14,-23,-31,-23,-43,-27
-18,17,26,-5,-25,26,14,-23,-31,-23,-43,-27
-18,17,26,-5,-25,26,14,-23,-31,-23,-44,-27
-18,17,26,-5,-25,26,14,-23,-31,-23,-44,-27
-18,17,26,-5,-25,26,14,-23,-31,-23,-44,-27
-18,17,26,-5,-25,26,14,-23,-31,-23,-44,-27
-18,16,25,-4,-24,24,14,-23,-31,-23,-44,-27
-18,15,24,-3,-24,23,14,-23,-31,-23,-44,-27
-18,14,23,-2,-23,22,14,-23,-31,-23,-44,-27
-18,13,22,-2,-22,21,14,-23,-31,-23,-43,-27
-18,13,22,-2,-22,21,14,-23,-31,-23,-43,-27
-18,12,22,-2,-22,21,14,-23,-31,-23,-42,-27
-18,12,22,-2,-22,21,14,-23,-31,-23,-41,-27
-18,12,22,-2,-22,21,14,-23,-31,-23,-40,-27
-18,12,22,-2,-22,21,14,-23,-31,-23,-40,-27
-18,12,22,-2,-22,21,14,-23,-31,-23,-40,-27
-18,12,22,-2,-22,21,14,-23,-31,-23,-40,-27
-19,12,22,-1,-22,20,14,-23,-31,-23,-40,-27
-21,11,22,0,-23,20,14,-23,-32,-23,-40,-27
-22,10,22,2,-24,19,14,-23,-33,-23,-40,-27
-25,9,22,3,-25,19,14,-23,-34,-23,-40,-27
-26,8,22,4,-25,18,14,-23,-34,-23,-40,-27
-26,8,22,5,-25,18,14,-23,-35,-24,-40,-27
-27,8,22,5,-25,18,14,-23,-35,-24,-40,-27
-27,8,22,5,-25,18,14,-23,-35,-25,-40,-27
-27,8,22,5,-25,18,14,-23,-35,-26,-40,-27
-27,8,22,5,-25,18,14,-23,-35,-26,-40,-27
-27,8,22,5,-25,18,14,-23,-35,-26,-40,-27
-27,8,22,5,-25,18,14,-23,-35,-26,-40,-27
-27,8,22,5,-25,18,14,-24,-35,-26,-40,-27
-27,8,22,5,-25,18,12,-24,-36,-26,-41,-27
-27,8,22,5,-25,18,11,-25,-37,-26,-42,-27
-27,8,22,5,-25,18,10,-26,-38,-26,-43,-27
-26,8,22,4,-25,18,9,-27,-39,-27,-43,-27
-24,9,22,3,-24,19,9,-27,-39,-27,-44,-27
-22,10,22,2,-24,19,9,-28,-40,-28,-44,-27
-20,11,22,0,-23,20,9,-28,-41,-29,-44,-27
-19,12,22,-1,-22,20,9,-28,-42,-29,-44,-27
-19,12,22,-1,-22,21,9,-28,-42,-30,-44,-27
-18,12,22,-2,-22,21,9,-28,-42,-30,-44,-27
-18,12,22,-2,-22,21,9,-28,-42,-30,-44,-27
-18,12,21,-1,-22,20,9,-28,-42,-29,-44,-27
-18,10,19,0,-20,17,9,-28,-41,-29,-44,-27
-18,8,17,2,-19,15,9,-28,-40,-28,-44,-27
-18,5,15,3,-17,12,9,-28,-39,-27,-44,-27
-18,3,13,5,-16,10,9,-28,-39,-27,-43,-26
-18,2,11,6,-15,8,9,-28,-39,-26,-43,-25
-18,1,10,7,-14,7,9,-28,-39,-26,-42,-24
-18,-0,9,7,-13,5,9,-28,-39,-26,-41,-23
-18,-1,8,8,-13,4,9,-28,-39,-26,-40,-22
-18,-1,8,8,-13,4,9,-28,-40,-26,-40,-22
-18,-2,8,8,-12,4,9,-28,-40,-26,-40,-22
-18,-2,8,8,-12,4,9,-28,-41,-26,-40,-22
-18,-2,8,8,-12,4,9,-28,-42,-27,-40,-22
-18,-2,8,8,-12,4,9,-28,-42,-27,-41,-23
-18,-2,8,8,-12,4,9,-28,-42,-28,-42,-24
-18,-2,8,8,-12,4,9,-28,-42,-29,-43,-26
-19,-2,8,9,-13,4,9,-28,-43,-29,-43,-26
-21,-2,9,9,-14,5,9,-28,-43,-30,-44,-27
-22,-2,10,10,-15,5,9,-28,-44,-30,-44,-27
-25,-2,11,11,-17,6,9,-28,-45,-30,-44,-27
-26,-2,12,11,-18,6,9,-28,-46,-30,-44,-27
-26,-3,11,12,-17,5,9,-28,-46,-30,-44,-27
-27,-4,10,13,-17,4,9,-28,-46,-30,-44,-27
-27,-5,9,14,-16,3,9,-28,-46,-30,-44,-27
-27,-6,8,14,-16,2,9,-28,-46,-30,-43,-27
-27,-6,8,14,-16,1,9,-28,-46,-30,-43,-27
-27,-6,8,15,-15,1,9,-28,-46,-30,-42,-27
-27,-6,8,15,-15,1,9,-28,-46,-30,-41,-27
-26,-6,8,14,-15,1,9,-28,-46,-29,-40,-26
-24,-6,7,14,-14,1,9,-28,-46,-29,-40,-25
-22,-6,6,13,-12,0,9,-28,-46,-28,-40,-24
-20,-6,5,12,-11,-1,9,-28,-46,-27,-40,-23
-19,-6,4,12,-10,-1,9,-28,-46,-27,-40,-22
-19,-6,4,11,-9,-1,9,-28,-46,-26,-40,-22
-18,-6,3,11,-9,-1,9,-28,-46,-26,-40,-22
-18,-6,3,11,-9,-1,9,-28,-46,-26,-40,-22
-18,-7,3,12,-9,-2,9,-28,-46,-26,-40,-22
-18,-8,2,12,-8,-3,9,-28,-46,-26,-40,-22
-18,-9,1,13,-7,-4,9,-28,-46,-26,-40,-22
-18,-10,0,14,-7,-6,9,-28,-46,-26,-40,-22
-18,-11,-1,14,-6,-6,9,-28,-46,-27,-40,-22
-18,-11,-1,14,-6,-7,9,-28,-46,-27,-40,-22
-18,-11,-1,15,-6,-7,9,-28,-46,-28,-40,-22
-18,-11,-1,15,-6,-7,9,-28,-46,-28,-40,-22
-18,-11,-1,15,-6,-7,9,-28,-46,-29,-40,-22
-18,-11,-1,15,-6,-7,9,-28,-46,-29,-40,-22
-18,-11,-1,15,-6,-7,9,-28,-46,-29,-40,-22
-18,-11,-1,15,-6,-7,9,-28,-46,-29,-40,-22
-18,-11,-1,15,-6,-7,9,-28,-46,-29,-40,-22
-17,-10,0,13,-6,-5,12,-24,-45,-28,-39,-22
-16,-7,2,11,-7,-3,17,-20,-42,-26,-39,-22
-16,-7,2,11,-7,-3,19,-18,-42,-25,-39,-22
-16,-6,2,11,-7,-2,19,-18,-42,-25,-39,-22
-15,-6,2,10,-7,-3,20,-17,-41,-25,-39,-22
-13,-6,1,10,-5,-3,20,-17,-40,-24,-38,-22
-12,-6,0,9,-4,-4,20,-15,-39,-23,-37,-22
-10,-6,0,8,-4,-3,20,-15,-39,-23,-36,-21
-10,-4,2,7,-5,-1,20,-15,-39,-23,-35,-20
-9,-2,3,5,-6,1,20,-14,-39,-23,-34,-19
-9,1,6,3,-7,4,20,-14,-39,-23,-33,-18
-9,3,7,1,-8,6,20,-14,-38,-22,-32,-16
-7,5,9,-1,-9,8,20,-13,-37,-21,-31,-14
-5,8,10,-3,-9,11,20,-12,-37,-19,-30,-12
-3,10,11,-6,-9,13,20,-11,-36,-17,-29,-10
-1,12,12,-8,-9,14,20,-10,-35,-16,-28,-7
1,12,11,-9,-7,14,20,-10,-35,-16,-27,-5
3,12,10,-10,-6,13,20,-10,-35,-15,-26,-2
6,12,9,-11,-4,13,20,-10,-35,-15,-25,0
7,12,8,-11,-3,12,18,-11,-35,-15,-25,2
9,12,7,-12,-1,12,15,-12,-35,-15,-25,2
12,12,6,-13,0,11,11,-14,-35,-15,-24,2
14,12,5,-14,2,10,7,-17,-35,-15,-24,2
16,12,3,-14,4,10,3,-19,-36,-16,-25,2
18,12,2,-15,5,9,-2,-21,-38,-17,-26,0
20,12,1,-16,7,8,-8,-23,-41,-19,-28,-2
22,12,0,-17,8,7,-13,-25,-43,-21,-30,-5
25,12,-2,-17,10,6,-17,-27,-45,-22,-32,-6
27,11,-4,-17,13,4,-18,-27,-46,-23,-32,-7
29,10,-6,-18,15,3,-19,-28,-46,-24,-32,-7
31,9,-8,-18,17,1,-19,-28,-46,-25,-32,-7
32,7,-10,-17,19,-2,-19,-28,-46,-26,-32,-7
33,5,-13,-16,21,-4,-19,-28,-46,-26,-32,-7
33,3,-15,-14,23,-7,-19,-28,-46,-26,-32,-7
33,1,-17,-13,25,-10,-19,-28,-46,-26,-32,-7
32,-1,-18,-11,25,-12,-18,-28,-46,-26,-32,-7
31,-3,-19,-10,25,-13,-16,-28,-46,-26,-32,-7
29,-4,-19,-8,25,-14,-13,-28,-46,-26,-32,-7
27,-5,-19,-6,24,-15,-11,-28,-46,-26,-32,-7
23,-6,-19,-4,22,-15,-8,-27,-46,-26,-32,-7
18,-8,-17,-1,18,-15,-5,-26,-46,-26,-32,-7
12,-9,-15,2,15,-14,-2,-25,-46,-26,-32,-7
6,-10,-13,5,11,-13,1,-24,-46,-26,-32,-7
0,-12,-11,8,8,-14,3,-24,-46,-26,-32,-8
-3,-14,-12,11,7,-15,4,-23,-46,-26,-32,-9
-5,-16,-13,13,7,-17,6,-23,-46,-26,-32,-10
-7,-18,-14,16,7,-19,7,-23,-46,-26,-32,-11
-9,-20,-14,18,7,-21,8,-23,-46,-27,-32,-12
-12,-22,-15,20,6,-22,8,-23,-46,-27,-33,-13
-14,-23,-15,21,5,-22,9,-23,-46,-28,-34,-15
-16,-24,-15,23,5,-23,9,-23,-46,-29,-35,-16
-18,-25,-15,25,4,-24,9,-23,-46,-29,-36,-16
-20,-27,-15,26,3,-25,10,-23,-46,-30,-36,-17
-22,-28,-15,28,2,-25,11,-23,-46,-30,-36,-17
-25,-29,-15,30,1,-26,13,-23,-46,-30,-36,-17
-26,-30,-15,31,1,-27,14,-23,-46,-30,-36,-17
-26,-31,-16,32,2,-28,14,-22,-46,-30,-37,-17
-27,-33,-17,33,2,-30,14,-21,-46,-30,-38,-17
-27,-34,-18,34,3,-31,14,-20,-46,-30,-39,-17
-27,-35,-19,34,4,-32,14,-19,-46,-30,-39,-17
-27,-35,-19,34,4,-32,14,-19,-46,-30,-40,-18
-27,-35,-19,34,4,-32,14,-19,-46,-30,-40,-19
-27,-35,-19,34,4,-32,14,-19,-46,-30,-40,-21
-25,-35,-20,34,5,-33,14,-19,-46,-30,-40,-21
-22,-35,-22,33,7,-34,14,-19,-46,-30,-40,-22
-18,-35,-24,31,10,-35,14,-19,-46,-30,-40,-22
-14,-35,-26,30,14,-37,14,-19,-46,-30,-40,-22
-11,-35,-28,29,16,-38,14,-18,-46,-29,-39,-21
-10,-35,-28,28,16,-38,14,-17,-45,-29,-39,-20
-9,-35,-29,28,17,-38,14,-17,-44,-28,-38,-19
-9,-35,-29,28,17,-38,14,-15,-43,-27,-37,-18
-9,-35,-29,28,17,-38,14,-15,-43,-27,-36,-17
-9,-35,-29,28,17,-38,14,-15,-42,-26,-36,-17
-9,-35,-29,28,17,-38,14,-14,-42,-26,-36,-17
-10,-35,-29,28,16,-38,14,-15,-42,-26,-36,-17
-10,-35,-29,28,16,-38,14,-15,-42,-26,-36,-17
-10,-35,-29,28,16,-38,20,-10,-39,-26,-36,-17
-27,-35,-19,35,4,-33,31,-6,-35,-23,-40,-17
-27,-35,-19,35,4,-33,42,3,-35,-23,-40,-22
-36,-40,-19,41,0,-35,47,12,-31,-19,-36,-22
-44,-45,-19,48,-3,-38,64,25,-20,-12,-32,-22
-44,-45,-19,48,-3,-38,75,38,-5,6,-21,-17
-27,-40,-24,38,7,-38,75,52,10,20,-9,-7
-1,-40,-38,28,26,-47,75,65,29,35,11,7
33,-30,-47,9,46,-47,75,74,40,53,22,22
42,-21,-42,-1,46,-38,75,87,63,74,46,37
59,-16,-47,-11,55,-38,75,96,89,103,69,61
94,-7,-56,-31,75,-38,58,96,100,131,104,91
145,17,-61,-67,97,-27,31,87,108,156,139,130
197,36,-70,-100,123,-21,3,69,108,182,166,160
257,60,-79,-139,152,-13,-41,38,108,196,193,184
300,74,-88,-165,175,-10,-91,12,108,221,232,224
344,89,-97,-192,197,-7,-135,-41,89,228,256,263
387,108,-102,-221,217,1,-196,-89,70,232,279,293
387,117,-93,-228,210,12,-219,-111,55,232,279,307
387,117,-93,-228,210,12,-235,-129,40,217,271,307
378,89,-116,-205,223,-19,-241,-147,6,171,225,273
369,60,-139,-182,236,-49,-252,-169,-35,124,174,238
335,36,-143,-152,226,-66,-252,-191,-76,74,123,204
266,27,-116,-120,181,-55,-252,-226,-121,20,73,160
197,17,-88,-87,136,-44,-246,-252,-155,-30,30,120
128,8,-61,-54,91,-33,-219,-261,-189,-84,-25,76
59,-16,-47,-11,55,-38,-202,-266,-227,-141,-79,27
7,-21,-24,12,20,-27,-180,-266,-245,-177,-114,-22
-19,-21,-10,22,0,-19,-163,-239,-223,-163,-114,-27
-19,-16,-6,18,-3,-13,-141,-200,-189,-134,-98,-27
-19,-7,3,12,-9,-2,-119,-164,-159,-109,-83,-22
-10,8,13,-1,-13,12,-102,-138,-140,-91,-67,-12
-10,12,17,-5,-16,18,-80,-111,-118,-69,-56,-7
-10,12,17,-5,-16,18,-63,-89,-99,-59,-48,-7
-10,12,17,-5,-16,18,-47,-72,-84,-48,-40,-7
-10,8,13,-1,-13,12,-30,-54,-65,-37,-36,-7
-1,-11,-10,9,7,-13,-14,-37,-54,-30,-32,-7
16,-16,-24,5,23,-24,9,-23,-46,-26,-32,-7
-10,-26,-19,22,10,-27,14,-19,-46,-26,-36,-12
-27,-30,-15,32,0,-27,20,-15,-46,-26,-36,-12
-27,-35,-19,35,4,-33,25,-15,-46,-26,-36,-12
-10,-40,-33,32,20,-44,25,-10,-46,-26,-32,-7
-9,-40,-34,32,20,-44,33,-0,-38,-21,-29,-4
-9,-41,-35,32,21,-45,37,4,-34,-18,-28,-3
-9,-42,-35,33,22,-46,39,7,-31,-16,-26,-2
-9,-43,-37,34,22,-48,40,9,-29,-14,-25,-2
-9,-44,-37,34,23,-49,42,11,-28,-12,-25,-2
-9,-44,-38,34,23,-49,43,13,-27,-12,-25,-2
-9,-45,-38,34,23,-49,45,14,-27,-12,-24,-2
-9,-45,-38,34,23,-49,46,15,-27,-12,-24,-2
-9,-45,-38,34,23,-49,47,16,-27,-12,-24,-2
-9,-45,-38,34,23,-49,47,17,-27,-12,-24,-2
-9,-45,-38,34,23,-49,47,19,-27,-12,-24,-2
-9,-45,-38,34,23,-49,47,20,-27,-12,-24,-2
-9,-44,-37,34,23,-49,47,20,-27,-11,-24,-2
-9,-43,-36,33,22,-47,47,20,-27,-11,-24,-1
-9,-42,-35,33,22,-46,47,21,-27,-10,-24,0
-9,-41,-34,32,21,-45,47,21,-27,-9,-24,1
-9,-40,-34,32,20,-44,48,21,-27,-8,-24,2
-9,-40,-33,32,20,-44,49,22,-27,-7,-23,4
-9,-40,-33,31,20,-44,50,23,-27,-6,-22,5
-9,-40,-33,31,20,-44,52,24,-27,-6,-21,6
-9,-40,-34,32,20,-44,53,25,-27,-5,-20,7
-9,-41,-35,32,21,-45,54,26,-26,-4,-19,7
-9,-42,-35,33,22,-46,56,27,-25,-3,-18,7
-9,-43,-37,34,22,-48,57,28,-24,-2,-18,7
-8,-45,-38,34,24,-50,58,30,-23,-1,-17,8
-5,-46,-41,33,27,-52,58,31,-23,1,-17,9
-1,-47,-45,33,31,-55,58,32,-22,3,-17,10
3,-48,-48,32,35,-58,58,33,-21,4,-17,11
6,-49,-50,32,38,-60,58,33,-20,6,-16,12
7,-49,-51,31,39,-60,57,34,-19,7,-15,12
7,-49,-51,32,39,-60,56,34,-18,8,-15,12
7,-49,-51,32,39,-60,54,34,-17,9,-14,12
8,-49,-52,31,40,-61,53,34,-16,9,-13,13
10,-49,-53,31,41,-61,53,35,-15,9,-12,14
12,-49,-54,30,42,-62,53,36,-14,9,-11,15
14,-49,-55,29,44,-62,53,37,-13,9,-10,16
15,-49,-55,28,45,-62,53,38,-12,10,-9,17
16,-48,-54,27,44,-61,55,39,-11,11,-8,18
16,-47,-54,27,44,-60,56,41,-10,11,-7,20
16,-46,-52,26,43,-59,57,42,-9,12,-6,21
17,-45,-52,25,43,-58,58,43,-8,13,-5,22
19,-45,-53,24,44,-59,60,45,-8,15,-5,22
20,-45,-54,23,46,-59,61,47,-7,17,-5,22
22,-45,-55,22,47,-60,63,49,-6,18,-5,22
25,-45,-56,22,49,-60,63,51,-4,20,-4,22
27,-45,-57,21,50,-61,64,52,-3,21,-3,22
29,-45,-58,20,52,-62,64,54,-1,22,-1,22
31,-45,-59,19,54,-62,64,55,1,23,1,22
32,-44,-60,18,54,-62,64,56,2,24,3,23
33,-43,-59,17,54,-61,64,57,4,25,4,24
33,-42,-58,17,54,-60,64,58,5,26,5,25
33,-41,-57,16,53,-59,64,59,5,27,6,26
34,-40,-56,15,53,-58,64,61,6,28,7,27
36,-39,-56,13,53,-57,64,63,7,29,9,27
38,-37,-56,12,54,-56,64,65,8,31,11,27
40,-36,-56,10,54,-55,64,67,9,33,12,27
41,-35,-56,9,55,-55,65,69,10,35,14,28
41,-35,-56,9,55,-55,66,70,11,36,14,29
42,-35,-56,9,55,-55,67,71,12,38,14,29
42,-35,-56,9,55,-55,68,72,13,40,14,31
43,-35,-56,8,56,-55,69,74,14,41,15,32
44,-35,-57,8,57,-56,69,76,15,42,16,33
46,-35,-58,7,58,-56,70,78,16,44,16,34
48,-35,-59,6,60,-57,70,80,17,44,17,36
50,-35,-60,6,61,-57,70,82,18,46,19,37
50,-35,-60,5,61,-57,71,85,20,47,20,38
50,-35,-60,5,62,-58,72,87,21,49,22,39
50,-35,-60,5,62,-58,74,89,23,51,24,41
50,-34,-60,5,61,-57,75,91,26,53,26,42
50,-32,-58,3,60,-55,76,92,28,54,27,43
50,-30,-56,2,58,-52,78,93,31,56,28,44
50,-28,-54,0,57,-49,79,94,34,58,29,45
51,-26,-52,-1,56,-47,80,96,36,60,31,47
53,-25,-52,-3,56,-46,80,99,38,63,33,49
55,-23,-51,-5,57,-45,81,102,40,65,36,52
57,-22,-51,-6,57,-44,81,106,42,68,39,54
60,-21,-52,-8,59,-44,81,108,44,70,41,56
64,-21,-54,-10,62,-45,82,110,47,72,42,58
68,-21,-56,-11,65,-46,83,111,50,74,44,59
72,-21,-58,-13,68,-48,85,112,52,76,45,60
75,-21,-60,-14,70,-49,86,114,55,78,46,61
76,-21,-60,-14,71,-49,86,116,56,79,48,63
76,-21,-60,-14,71,-49,86,118,57,81,49,64
76,-21,-60,-14,71,-49,86,120,58,83,51,65
76,-21,-60,-14,71,-49,87,122,59,84,53,66
76,-21,-60,-14,71,-49,88,123,60,85,54,68
76,-21,-60,-14,71,-49,89,124,61,87,55,69
76,-21,-60,-14,71,-49,90,125,62,87,56,70
77,-21,-61,-15,72,-49,91,126,62,88,57,71
79,-21,-62,-15,73,-50,91,126,63,88,57,73
81,-21,-63,-16,75,-51,92,126,63,88,57,74
83,-21,-64,-17,76,-51,92,126,63,88,57,75
85,-20,-65,-18,77,-51,91,126,63,88,57,76
87,-19,-65,-20,78,-51,90,124,63,88,57,77
89,-18,-65,-21,79,-51,89,122,63,88,57,79
91,-17,-65,-23,80,-50,88,120,63,88,57,80
93,-16,-65,-24,80,-49,86,118,62,88,57,81
93,-15,-64,-25,80,-47,83,115,61,87,57,81
94,-14,-63,-26,79,-46,81,113,59,87,57,81
94,-12,-62,-27,78,-45,78,111,57,86,57,81
94,-12,-61,-27,78,-44,76,108,55,85,57,81
94,-11,-61,-28,78,-44,74,105,52,84,57,80
94,-11,-60,-28,78,-44,72,102,50,83,57,79
94,-11,-60,-28,78,-44,71,99,47,82,57,77
93,-12,-61,-27,77,-44,70,96,44,81,57,76
91,-14,-62,-25,77,-46,68,92,40,78,55,75
89,-16,-63,-23,78,-48,67,89,36,76,53,74
87,-18,-64,-20,78,-50,65,86,33,73,51,73
84,-21,-65,-17,77,-52,64,82,29,70,49,71
80,-23,-65,-14,76,-53,63,78,25,67,46,70
76,-25,-65,-11,75,-55,61,74,21,63,44,69
72,-28,-65,-8,73,-56,60,69,18,60,41,68
68,-30,-65,-5,71,-58,58,65,13,56,38,66
63,-33,-65,-1,70,-59,57,60,8,51,35,64
59,-35,-65,2,68,-60,56,56,3,47,32,61
55,-37,-65,5,66,-62,54,52,-3,43,29,59
51,-39,-65,8,65,-63,53,48,-8,39,26,57
49,-41,-65,10,64,-64,53,44,-11,36,23,54
46,-42,-65,12,63,-65,53,41,-14,33,20,52
44,-43,-65,13,62,-65,53,37,-17,30,17,49
42,-45,-65,15,62,-67,53,34,-19,27,15,47
40,-47,-66,18,62,-68,53,32,-21,25,13,44
38,-49,-67,20,62,-70,53,30,-23,22,11,42
35,-52,-68,22,62,-72,53,27,-25,19,9,39
33,-54,-69,25,61,-74,53,26,-27,17,7,37
31,-55,-69,26,61,-75,53,24,-29,16,5,36
29,-56,-70,28,60,-76,53,23,-31,15,3,34
27,-58,-70,30,59,-76,53,22,-33,14,1,33
25,-58,-69,31,58,-77,53,21,-34,13,-1,32
22,-59,-68,32,56,-76,53,21,-35,12,-2,32
21,-59,-68,33,56,-76,53,21,-35,12,-3,32
21,-59,-68,33,56,-76,53,21,-35,11,-3,32
20,-59,-67,33,55,-76,53,21,-35,11,-3,32
20,-59,-67,33,55,-76,53,21,-35,11,-3,32
20,-59,-67,33,55,-76,53,21,-35,11,-3,32
20,-59,-67,33,55,-76,53,21,-35,11,-3,32
19,-60,-68,35,55,-77,53,21,-37,8,-5,30
17,-63,-69,37,55,-79,53,21,-41,4,-7,28
16,-63,-70,38,55,-80,53,21,-42,3,-8,27
16,-64,-70,38,55,-80,53,21,-42,3,-9,27
15,-64,-69,39,55,-80,53,20,-42,2,-9,27
11,-65,-68,41,53,-80,53,19,-43,1,-9,26
7,-66,-67,43,50,-80,53,19,-44,-1,-9,25
3,-67,-66,45,48,-80,53,17,-45,-3,-9,23
0,-68,-65,47,46,-80,53,17,-46,-4,-9,23
-0,-68,-65,47,46,-80,53,17,-46,-4,-10,22
-1,-68,-65,48,46,-80,53,16,-46,-5,-11,22
-1,-68,-65,48,46,-80,53,16,-46,-5,-12,22
-1,-68,-65,48,46,-80,53,17,-46,-5,-12,22
-1,-68,-65,48,46,-80,53,18,-46,-5,-12,22
-1,-68,-65,48,46,-80,53,19,-46,-5,-13,22
-1,-68,-65,48,46,-80,53,20,-46,-5,-13,22
-1,-68,-65,48,46,-80,53,20,-46,-5,-12,22
-1,-68,-65,48,46,-80,53,20,-46,-5,-11,22
-1,-68,-65,48,46,-80,53,21,-46,-5,-11,22
-1,-68,-65,48,46,-80,53,21,-46,-5,-10,22
-1,-68,-65,48,46,-80,53,21,-46,-5,-9,22
-1,-68,-65,48,46,-80,53,21,-46,-5,-9,22
-1,-68,-65,48,46,-80,53,21,-46,-5,-9,22
-1,-68,-65,48,46,-80,53,21,-46,-5,-9,22
0,-68,-66,47,46,-80,53,21,-46,-5,-9,23
2,-68,-67,47,48,-81,53,21,-46,-5,-9,24
3,-68,-68,46,49,-82,53,21,-46,-5,-9,25
6,-68,-69,45,51,-82,53,21,-46,-5,-9,26
7,-68,-69,44,52,-82,52,20,-46,-5,-9,27
9,-67,-69,43,53,-82,51,19,-46,-5,-9,27
12,-66,-70,41,54,-82,50,19,-46,-5,-9,27
14,-65,-70,40,54,-81,49,17,-46,-5,-9,27
15,-64,-70,39,55,-80,48,17,-46,-5,-9,27
16,-64,-70,38,55,-80,48,17,-46,-5,-9,26
16,-64,-70,38,55,-80,47,16,-46,-5,-9,25
16,-64,-70,38,55,-80,47,16,-46,-5,-9,23
15,-64,-70,39,55,-81,48,17,-46,-5,-9,23
13,-66,-71,41,55,-82,49,18,-46,-6,-9,22
12,-68,-72,43,55,-84,50,19,-46,-6,-9,22
9,-71,-73,45,55,-86,52,20,-46,-7,-9,22
8,-73,-74,47,56,-88,52,20,-46,-8,-9,22
8,-74,-75,48,56,-90,53,20,-46,-8,-9,22
7,-75,-76,50,57,-91,53,21,-46,-8,-9,22
7,-77,-78,50,57,-93,53,21,-46,-8,-9,22
7,-77,-78,51,58,-93,53,21,-46,-8,-9,23
5,-78,-77,52,56,-93,53,21,-46,-7,-9,24
3,-78,-77,53,56,-93,53,21,-46,-6,-9,25
1,-78,-76,54,54,-92,53,21,-46,-6,-9,26
0,-78,-75,54,53,-92,53,21,-46,-5,-9,27
-0,-78,-75,54,53,-92,53,21,-47,-5,-9,27
-1,-78,-74,54,52,-91,53,21,-48,-5,-9,27
-1,-78,-74,54,52,-91,53,21,-49,-5,-9,27
0,-78,-75,54,53,-92,53,21,-49,-5,-9,27
2,-78,-76,53,54,-92,53,21,-50,-5,-9,27
3,-78,-77,53,56,-93,53,21,-50,-5,-9,27
6,-78,-78,52,57,-94,53,21,-50,-5,-9,27
7,-78,-79,51,58,-94,53,21,-50,-5,-9,27
7,-78,-79,51,58,-94,53,21,-50,-5,-9,27
7,-78,-79,51,58,-94,53,21,-50,-5,-9,27
7,-78,-79,51,58,-94,53,21,-50,-5,-9,27
7,-78,-79,52,59,-95,53,21,-50,-5,-9,27
7,-79,-80,52,59,-96,53,21,-50,-5,-9,27
7,-80,-81,53,60,-97,53,21,-50,-5,-9,27
7,-81,-82,54,61,-98,53,21,-50,-5,-9,27
7,-82,-83,54,61,-99,53,21,-50,-5,-9,27
7,-82,-83,54,61,-99,53,21,-50,-5,-9,27
7,-83,-83,54,62,-100,53,21,-50,-5,-9,27
7,-83,-83,54,62,-100,53,21,-50,-5,-9,27
7,-83,-83,54,62,-100,53,20,-50,-5,-9,27
7,-83,-83,54,62,-100,53,19,-51,-6,-10,27
7,-83,-83,54,62,-100,53,19,-52,-6,-11,27
7,-83,-83,54,62,-100,53,17,-53,-7,-12,27
7,-83,-83,54,62,-100,53,17,-53,-8,-13,27
7,-83,-83,54,62,-100,53,17,-53,-9,-14,26
7,-83,-83,54,62,-100,53,16,-54,-10,-15,25
7,-83,-83,54,62,-100,53,16,-54,-11,-16,23
7,-83,-83,54,62,-100,53,16,-54,-11,-16,23
7,-83,-83,54,62,-100,53,16,-54,-12,-16,22
7,-83,-83,54,62,-100,53,16,-54,-12,-17,22
7,-83,-83,54,62,-100,53,16,-54,-12,-17,22
7,-83,-83,54,62,-100,53,16,-54,-12,-17,22
7,-83,-83,54,62,-100,53,16,-54,-12,-17,22
7,-83,-83,54,62,-100,53,16,-54,-12,-17,22
7,-83,-83,54,62,-100,53,16,-54,-12,-17,22
7,-83,-84,55,62,-100,53,16,-54,-12,-16,22
7,-84,-85,55,63,-101,53,16,-54,-12,-15,22
7,-85,-86,56,63,-103,53,16,-54,-12,-15,22
7,-86,-87,57,64,-104,53,16,-54,-12,-14,22
7,-87,-87,57,65,-105,53,17,-54,-11,-13,23
7,-87,-88,57,65,-105,53,18,-54,-11,-13,24
7,-87,-88,58,65,-105,53,19,-54,-10,-13,25
7,-87,-88,58,65,-105,53,20,-54,-9,-13,26
7,-87,-88,58,65,-105,53,20,-54,-9,-12,27
7,-87,-88,58,65,-105,53,20,-54,-8,-11,28
7,-87,-88,58,65,-105,53,21,-54,-8,-11,29
7,-87,-88,58,65,-105,53,21,-54,-8,-10,31
7,-87,-88,58,65,-105,53,21,-54,-8,-9,31
7,-87,-88,58,65,-105,53,21,-54,-8,-9,32
7,-87,-88,58,65,-105,53,21,-54,-8,-9,32
7,-87,-88,58,65,-105,53,21,-54,-8,-9,32
7,-87,-88,58,65,-105,53,21,-54,-9,-9,31
7,-87,-88,58,65,-105,53,21,-54,-9,-10,30
7,-87,-88,58,65,-105,53,21,-54,-10,-11,29
7,-87,-88,58,65,-105,53,21,-54,-11,-12,28
7,-87,-88,58,65,-105,53,21,-54,-11,-12,28
7,-87,-88,58,65,-105,53,21,-54,-12,-12,27
7,-87,-88,58,65,-105,53,21,-54,-12,-13,27
7,-87,-88,58,65,-105,53,21,-54,-12,-13,27
7,-87,-88,58,65,-105,53,21,-54,-12,-13,27
7,-87,-88,58,65,-105,53,21,-54,-12,-13,27
7,-87,-88,58,65,-105,53,21,-54,-12,-13,27
7,-87,-88,58,65,-105,53,21,-54,-12,-13,27
7,-87,-88,58,65,-105,53,21,-54,-12,-13,27
11,-87,-89,56,67,-106,55,22,-52,-9,-10,29
16,-86,-91,54,70,-107,58,25,-50,-6,-7,32
17,-86,-92,53,71,-107,59,26,-49,-4,-5,33
18,-86,-92,53,72,-107,60,26,-49,-4,-5,33
19,-86,-92,52,72,-107,60,26,-49,-4,-5,33
20,-85,-92,51,73,-107,61,27,-48,-3,-5,34
22,-84,-92,50,74,-106,63,28,-47,-2,-5,36
24,-83,-92,48,74,-105,63,29,-46,-1,-4,37
24,-81,-91,47,73,-104,64,29,-46,-1,-4,38
25,-80,-90,46,73,-103,64,30,-46,-1,-3,39
25,-79,-89,45,72,-101,64,30,-46,-1,-2,41
25,-78,-88,45,72,-100,64,30,-46,-1,-1,41
25,-78,-88,45,71,-100,64,30,-45,0,-1,42
25,-78,-88,45,71,-100,64,30,-44,1,-1,42
25,-78,-88,45,71,-100,64,30,-43,2,-1,42
25,-77,-88,44,72,-99,64,30,-43,2,-0,42
27,-76,-88,43,72,-99,64,30,-42,3,1,43
29,-75,-88,41,73,-98,64,30,-42,4,3,44
31,-74,-88,40,74,-98,64,30,-42,5,5,45
33,-74,-88,38,75,-98,63,29,-43,6,6,46
35,-73,-89,37,76,-98,61,28,-43,6,6,46
38,-73,-90,36,78,-98,58,27,-44,6,7,47
40,-73,-91,35,79,-99,56,26,-45,6,7,47
41,-73,-92,35,80,-99,52,25,-46,5,6,46
41,-72,-91,34,80,-98,47,23,-48,3,4,45
42,-71,-90,33,79,-97,42,21,-50,1,3,44
42,-70,-89,32,78,-96,36,19,-52,-2,1,43
43,-69,-89,32,79,-95,33,17,-53,-4,-1,42
44,-69,-90,31,80,-95,31,15,-54,-5,-2,42
46,-68,-90,30,81,-96,31,14,-55,-6,-3,42
48,-68,-91,29,83,-96,31,13,-56,-7,-4,42
50,-69,-92,29,84,-97,31,12,-57,-8,-4,42
50,-70,-94,29,85,-98,31,12,-57,-8,-5,42
50,-71,-95,30,86,-100,31,12,-57,-8,-5,42
50,-72,-96,31,87,-101,31,12,-57,-8,-5,42
50,-73,-97,32,87,-102,32,13,-57,-8,-4,42
48,-74,-97,33,86,-103,34,14,-56,-8,-4,42
46,-75,-97,35,86,-104,36,16,-55,-8,-3,42
44,-77,-97,36,85,-105,39,19,-55,-8,-2,42
42,-79,-98,38,85,-106,41,20,-54,-8,-1,42
40,-82,-100,41,85,-109,43,20,-54,-8,-1,42
38,-85,-102,45,86,-112,45,21,-54,-8,-1,42
35,-89,-104,48,87,-116,46,21,-54,-8,-1,42
32,-92,-105,51,87,-119,47,21,-54,-8,-1,41
28,-94,-106,54,85,-120,49,21,-55,-8,-2,40
25,-97,-106,58,84,-122,50,21,-55,-8,-3,39
20,-99,-106,61,83,-124,52,21,-56,-8,-4,38
17,-101,-106,63,82,-125,52,21,-57,-8,-5,37
16,-103,-107,65,82,-126,53,21,-57,-8,-6,37
16,-104,-109,66,83,-128,53,21,-57,-8,-7,37
16,-105,-110,67,83,-129,53,21,-57,-8,-8,37
15,-106,-110,68,84,-130,53,21,-57,-8,-8,36
13,-108,-111,69,83,-131,55,22,-57,-8,-9,35
12,-109,-111,71,83,-132,56,23,-57,-8,-9,34
9,-110,-111,73,82,-133,57,24,-57,-8,-9,33
7,-111,-110,74,81,-133,58,25,-57,-9,-9,32
6,-111,-110,75,79,-133,58,25,-57,-9,-10,31
3,-111,-109,76,78,-132,58,25,-57,-10,-11,29
1,-111,-108,76,77,-132,58,25,-57,-11,-12,28
0,-111,-107,77,76,-131,58,25,-57,-11,-12,28
-0,-111,-107,77,75,-131,58,25,-57,-12,-12,27
-1,-111,-106,77,75,-131,58,25,-57,-12,-13,27
-1,-111,-106,77,75,-131,58,25,-57,-12,-13,27
-1,-111,-106,77,75,-131,58,25,-57,-12,-12,28
-1,-111,-106,77,75,-131,58,25,-57,-12,-11,29
-1,-111,-106,77,75,-131,58,25,-57,-12,-11,29
-1,-111,-106,77,75,-131,58,25,-57,-12,-10,31
0,-111,-107,77,76,-131,59,25,-57,-11,-9,32
2,-111,-108,76,77,-132,60,25,-56,-10,-8,33
3,-111,-109,76,78,-132,61,25,-55,-8,-7,34
6,-111,-110,75,80,-133,63,25,-55,-6,-6,36
7,-111,-111,74,81,-133,63,25,-54,-5,-5,36
7,-111,-111,74,81,-134,64,25,-54,-5,-5,37
7,-111,-111,74,81,-134,64,25,-54,-5,-5,37
7,-111,-111,74,81,-134,64,25,-54,-5,-5,37
7,-111,-111,74,81,-134,64,25,-54,-5,-5,37
-10,-116,-106,84,71,-134,70,30,-50,-5,-5,32
-10,-116,-106,84,71,-134,81,38,-50,-5,-9,27
-19,-116,-102,87,65,-131,86,43,-46,-5,-9,22
-19,-116,-102,87,65,-131,86,47,-46,-5,-9,22
-19,-116,-102,87,65,-131,97,56,-31,9,-5,27
-19,-116,-102,87,65,-131,103,74,-20,20,7,32
-19,-111,-97,84,62,-125,114,87,-9,31,14,37
-1,-107,-102,74,71,-125,119,100,10,45,30,47
25,-107,-116,64,91,-134,125,113,29,63,46,57
42,-102,-120,54,100,-134,125,122,48,85,61,71
76,-97,-134,38,123,-139,125,140,74,117,92,96
111,-92,-148,22,146,-145,108,140,89,142,123,125
163,-83,-166,-5,178,-151,92,135,104,174,166,170
206,-69,-175,-31,200,-148,64,122,104,199,197,204
240,-45,-171,-60,210,-131,31,91,100,217,228,234
292,-11,-166,-103,226,-108,-25,60,97,239,263,278
335,17,-161,-139,239,-89,-75,16,78,242,283,302
361,41,-152,-165,242,-69,-141,-41,52,242,302,332
378,60,-143,-185,242,-52,-174,-72,36,242,310,352
378,70,-134,-192,236,-41,-185,-85,33,242,310,352
378,46,-157,-175,252,-69,-191,-103,6,203,271,327
378,8,-193,-149,278,-114,-196,-125,-42,149,221,293
344,-26,-207,-113,275,-142,-196,-142,-80,99,170,258
257,-45,-180,-67,223,-137,-191,-173,-121,49,123,219
206,-50,-157,-44,188,-125,-191,-195,-155,9,84,184
154,-59,-139,-18,155,-120,-174,-208,-189,-48,34,140
85,-69,-111,15,110,-108,-158,-217,-227,-109,-28,91
33,-78,-93,41,78,-103,-141,-217,-257,-155,-83,42
-10,-78,-70,58,46,-89,-119,-204,-245,-155,-95,17
-10,-73,-65,54,42,-83,-97,-169,-212,-130,-79,17
16,-64,-70,38,55,-80,-75,-129,-178,-98,-60,27
16,-64,-70,38,55,-80,-58,-103,-152,-77,-44,37
-10,-69,-61,51,39,-78,-41,-76,-129,-59,-32,37
7,-73,-74,48,55,-89,-19,-54,-114,-48,-25,37
7,-73,-74,48,55,-89,9,-32,-95,-34,-17,37
-10,-83,-74,61,49,-94,20,-15,-80,-23,-9,42
-10,-97,-88,71,58,-111,36,7,-69,-16,-5,42
7,-102,-102,68,75,-123,47,21,-61,-8,-5,42
16,-111,-116,71,87,-137,53,25,-61,-8,-5,42
16,-111,-116,71,87,-137,58,30,-58,-8,-5,42
7,-111,-111,74,81,-134,64,34,-54,-5,-5,42
7,-116,-116,77,84,-139,70,38,-54,-5,-5,42
8,-116,-116,77,85,-139,73,42,-51,-2,-4,42
10,-116,-117,76,86,-140,75,43,-48,1,-3,42
12,-116,-118,76,87,-141,75,45,-46,2,-1,42
14,-116,-119,75,89,-141,75,46,-44,4,1,42
15,-116,-120,75,90,-142,76,47,-43,6,3,42
16,-116,-120,74,90,-142,77,48,-42,7,4,43
16,-116,-120,74,91,-142,78,49,-40,8,5,44
16,-116,-120,74,91,-142,79,50,-39,9,6,45
15,-116,-120,75,90,-142,81,52,-39,9,6,46
13,-116,-119,75,89,-141,82,53,-39,9,6,46
12,-116,-118,76,87,-141,83,54,-39,9,7,47
9,-116,-117,76,86,-140,85,55,-39,9,7,47
8,-116,-116,77,85,-139,86,56,-38,10,7,46
8,-116,-116,77,85,-139,86,57,-37,11,7,45
7,-116,-115,77,84,-139,86,58,-37,11,7,44
7,-116,-115,77,84,-139,86,59,-36,12,7,43
8,-116,-116,77,85,-139,86,60,-35,13,7,42
10,-116,-117,76,86,-140,86,60,-35,13,8,42
12,-116,-118,76,87,-141,86,60,-35,13,9,42
14,-116,-119,75,89,-141,86,60,-35,13,10,42
15,-116,-120,75,90,-142,86,61,-35,13,10,42
16,-116,-120,74,90,-142,86,62,-35,14,10,43
16,-116,-120,74,91,-142,86,63,-35,15,11,44
16,-116,-120,74,91,-142,86,64,-35,16,11,45
17,-116,-120,74,91,-142,86,64,-34,16,11,47
19,-116,-121,73,93,-143,86,65,-34,16,12,48
20,-116,-122,73,94,-143,86,65,-33,17,12,49
22,-116,-123,72,96,-144,86,65,-32,17,13,50
24,-116,-124,71,97,-144,86,65,-31,17,14,51
24,-116,-124,71,97,-144,86,66,-30,18,15,51
25,-116,-125,71,97,-145,86,67,-29,18,16,52
25,-116,-125,71,97,-145,86,68,-28,19,17,52
25,-116,-125,71,97,-145,87,69,-27,21,18,52
25,-116,-125,71,97,-145,88,70,-25,22,19,53
25,-116,-125,71,97,-145,89,71,-23,24,20,54
25,-116,-125,71,97,-145,90,72,-22,26,21,55
25,-116,-125,71,97,-145,91,74,-20,27,22,56
25,-116,-125,71,97,-145,91,75,-19,28,23,56
25,-116,-125,71,97,-145,92,76,-18,29,24,57
25,-116,-125,71,97,-145,92,77,-17,30,25,57
25,-116,-125,71,98,-145,92,78,-16,31,26,57
27,-116,-126,70,99,-146,92,79,-15,32,26,57
29,-116,-127,69,100,-146,92,80,-14,33,26,57
31,-116,-128,68,102,-147,92,81,-13,34,26,57
32,-115,-128,68,103,-147,92,82,-12,35,26,57
33,-115,-128,67,102,-146,92,83,-11,35,27,57
33,-114,-127,66,102,-145,92,85,-10,36,28,57
33,-112,-126,65,101,-143,92,86,-9,37,29,57
33,-112,-125,65,101,-142,92,87,-8,38,30,57
33,-111,-125,64,100,-142,93,89,-8,39,31,59
33,-111,-125,64,100,-142,94,91,-7,40,32,61
33,-111,-125,64,100,-142,96,93,-6,41,33,64
33,-111,-125,64,100,-142,97,95,-4,42,34,66
33,-111,-125,64,100,-142,97,96,-2,44,36,67
33,-111,-125,64,100,-142,97,98,1,45,38,69
33,-111,-125,64,100,-142,97,99,4,47,40,70
34,-111,-125,64,101,-142,98,100,6,49,41,71
36,-110,-125,62,101,-141,99,102,7,51,42,71
38,-109,-125,61,102,-141,100,104,8,53,44,71
40,-108,-125,59,103,-140,101,107,9,54,45,71
41,-106,-124,58,103,-139,102,108,11,56,45,71
41,-105,-123,57,102,-137,102,110,12,57,45,71
42,-104,-122,56,102,-136,103,111,14,58,46,71
42,-103,-121,55,101,-135,103,112,16,59,46,71
43,-102,-121,54,101,-134,103,114,18,60,46,72
44,-102,-122,54,102,-135,104,116,20,62,48,73
46,-102,-122,53,104,-135,106,118,21,63,49,74
48,-102,-123,52,105,-135,107,120,23,65,51,75
50,-101,-124,51,107,-136,108,122,26,67,53,77
53,-100,-124,49,107,-135,108,124,28,70,55,79
55,-99,-125,48,108,-135,108,126,31,72,57,81
57,-98,-125,46,109,-134,108,129,34,75,59,84
58,-97,-125,45,110,-134,109,130,36,77,61,86
59,-97,-125,45,110,-134,110,132,38,79,62,87
59,-97,-125,45,110,-134,111,133,40,81,63,88
59,-97,-125,45,110,-134,112,134,42,83,64,90
60,-96,-125,44,110,-133,113,136,44,85,65,91
62,-95,-125,43,111,-133,114,138,46,87,67,92
63,-95,-125,41,112,-132,114,140,48,88,69,93
66,-93,-125,40,112,-131,114,142,50,90,71,95
68,-92,-124,38,113,-130,114,144,52,92,73,96
70,-90,-123,35,113,-128,114,145,53,94,75,99
72,-87,-122,33,113,-126,114,146,55,96,77,101
74,-85,-121,31,113,-124,114,147,57,97,79,103
76,-83,-121,29,114,-123,114,148,59,99,81,105
78,-83,-121,28,115,-123,114,150,60,100,82,107
81,-83,-122,27,117,-124,114,151,61,101,84,108
83,-83,-123,26,118,-124,114,152,62,102,86,109
85,-82,-124,25,119,-125,114,152,62,103,88,111
87,-81,-124,23,120,-124,114,153,63,104,89,112
89,-80,-125,22,121,-124,114,153,63,104,90,113
91,-79,-125,20,122,-123,114,153,63,105,91,114
93,-78,-124,19,122,-122,113,152,62,106,92,115
93,-77,-123,18,122,-121,112,152,62,106,92,115
94,-75,-122,17,121,-119,111,151,61,106,92,116
94,-74,-121,16,120,-118,110,150,60,106,92,116
94,-74,-120,15,120,-117,108,148,59,106,92,116
94,-73,-120,15,120,-117,107,146,57,104,91,116
94,-73,-120,15,120,-117,106,144,55,103,90,116
94,-73,-120,15,120,-117,104,142,53,101,89,116
93,-73,-120,15,119,-116,103,139,51,99,88,116
91,-73,-119,16,118,-116,101,136,48,97,86,116
89,-73,-118,17,117,-115,100,133,44,96,84,116
87,-73,-117,17,115,-114,99,130,40,94,82,116
85,-74,-117,19,114,-115,97,126,37,92,81,115
83,-77,-118,22,114,-118,96,123,34,89,80,114
81,-80,-120,25,115,-121,94,120,31,87,79,113
78,-84,-122,28,116,-124,93,117,28,84,78,112
75,-87,-124,32,116,-127,92,113,25,81,76,110
72,-90,-124,35,114,-129,92,110,21,78,75,108
68,-92,-125,38,113,-131,92,107,18,76,73,106
63,-95,-125,41,112,-132,92,103,14,73,71,103
60,-97,-125,44,111,-134,91,100,10,70,68,101
57,-99,-126,47,110,-136,90,95,5,66,65,98
55,-102,-127,50,110,-138,89,91,1,61,61,96
53,-104,-128,52,110,-140,88,87,-4,57,57,93
50,-106,-129,54,110,-141,86,83,-8,53,54,91
48,-107,-129,56,109,-142,85,79,-11,49,51,88
46,-109,-129,58,108,-143,83,76,-14,45,47,86
44,-110,-129,59,107,-144,82,72,-17,42,45,84
41,-111,-129,61,106,-144,81,70,-20,39,42,81
37,-112,-128,64,104,-144,81,67,-23,36,40,79
33,-114,-127,66,102,-145,81,65,-25,33,38,76
29,-115,-126,68,99,-145,81,63,-28,30,36,74
25,-116,-125,71,98,-145,81,61,-30,28,34,72
23,-117,-125,72,97,-146,81,59,-32,27,32,70
20,-118,-125,74,96,-146,81,58,-33,26,30,69
18,-120,-125,76,95,-147,81,57,-34,25,28,68
16,-121,-125,77,94,-148,81,56,-35,24,26,66
14,-122,-125,79,93,-148,81,56,-36,23,25,65
13,-123,-125,80,93,-149,81,56,-36,22,25,64
12,-123,-125,80,92,-149,81,56,-36,22,24,64
12,-123,-125,81,92,-149,81,56,-37,22,24,64
12,-123,-125,81,92,-149,81,56,-37,22,24,64
12,-123,-125,81,92,-149,81,56,-37,22,24,64
12,-123,-125,81,92,-149,81,56,-37,22,24,64
10,-127,-128,84,94,-153,81,56,-39,20,24,61
8,-132,-132,88,96,-159,81,56,-41,18,23,58
8,-134,-133,90,97,-160,81,56,-42,17,22,57
7,-135,-133,90,97,-161,81,56,-42,17,22,57
8,-135,-134,90,98,-162,80,56,-42,16,22,57
10,-135,-135,90,99,-162,79,56,-42,16,22,57
12,-135,-136,89,100,-163,78,56,-42,15,22,57
14,-135,-137,88,102,-164,76,56,-42,14,22,57
15,-135,-138,88,103,-164,76,56,-42,13,22,57
16,-135,-138,87,103,-164,75,56,-42,13,22,57
16,-135,-138,87,104,-164,75,56,-42,13,22,57
16,-135,-138,87,104,-164,75,56,-42,13,22,57
15,-135,-138,88,103,-164,75,56,-42,13,22,57
13,-135,-137,88,102,-164,75,56,-42,13,22,57
12,-135,-136,89,100,-163,75,56,-42,13,22,57
9,-135,-135,90,99,-162,75,56,-42,13,22,57
7,-135,-133,90,97,-161,75,56,-42,13,22,57
6,-134,-131,90,95,-159,75,55,-42,13,21,57
3,-133,-129,90,93,-157,75,54,-42,13,20,57
1,-131,-127,90,90,-155,75,53,-42,13,19,57
0,-131,-126,90,89,-154,75,52,-42,13,19,57
-0,-130,-125,90,88,-154,75,52,-42,13,18,57
-1,-130,-125,90,88,-153,75,52,-42,13,18,57
-1,-130,-125,90,88,-153,75,52,-42,13,18,57
-1,-131,-125,91,88,-154,76,52,-42,13,19,57
-1,-132,-126,91,89,-155,77,53,-42,13,19,57
-1,-133,-127,92,89,-156,78,54,-42,13,20,57
-1,-134,-128,93,90,-157,79,55,-42,13,21,57
-1,-135,-129,94,91,-159,80,56,-42,13,22,57
-1,-136,-130,95,92,-160,80,56,-42,13,22,57
-1,-137,-132,95,93,-162,81,56,-42,13,22,57
-1,-139,-133,96,93,-163,81,56,-42,13,22,57
-2,-139,-133,97,93,-164,81,56,-42,13,22,56
-3,-140,-132,98,92,-163,81,56,-42,12,21,55
-5,-140,-132,98,91,-163,81,56,-42,11,20,54
-7,-140,-130,99,89,-162,81,56,-42,10,19,53
-9,-140,-130,100,88,-162,81,56,-42,10,19,52
-9,-140,-130,100,88,-162,81,56,-42,10,18,52
-9,-140,-129,100,88,-162,81,56,-42,9,18,52
-9,-140,-129,100,88,-162,81,56,-42,9,18,52
-9,-140,-130,100,88,-162,81,56,-42,10,19,52
-7,-140,-131,99,90,-162,81,56,-42,11,19,53
-5,-140,-132,98,91,-163,81,56,-42,11,20,54
-3,-140,-133,98,93,-164,81,56,-42,12,21,55
-2,-140,-133,97,94,-164,80,56,-42,13,22,56
-1,-140,-134,97,94,-164,79,56,-42,13,22,56
-1,-140,-134,97,94,-164,78,56,-42,13,22,57
-1,-140,-134,97,94,-164,76,56,-42,13,22,57
-1,-140,-134,97,94,-164,76,56,-43,13,22,57
-1,-140,-134,97,94,-164,75,56,-43,12,22,57
-1,-140,-134,97,94,-164,75,56,-44,11,22,57
-1,-140,-134,97,94,-164,75,56,-45,10,22,57
-1,-140,-134,97,94,-164,75,56,-46,10,22,57
-1,-140,-134,97,94,-164,75,55,-46,10,21,57
-1,-140,-134,97,94,-164,75,54,-46,9,20,57
-1,-140,-134,97,94,-164,75,53,-46,9,19,57
-2,-140,-133,97,94,-164,75,52,-46,9,19,57
-3,-140,-133,98,92,-164,75,52,-46,9,18,57
-5,-140,-132,98,91,-163,75,52,-46,9,18,57
-7,-140,-130,99,89,-162,75,52,-46,9,18,57
-9,-140,-130,100,89,-162,76,52,-46,9,18,57
-9,-141,-131,101,89,-164,77,52,-46,8,18,57
-9,-142,-132,102,89,-164,78,52,-46,8,18,57
-9,-143,-133,103,90,-166,79,52,-46,7,18,57
-9,-144,-133,103,91,-167,80,52,-46,6,18,56
-9,-144,-134,103,91,-167,80,52,-46,6,18,55
-9,-145,-134,103,91,-167,81,52,-46,6,18,54
-9,-145,-134,103,91,-167,81,52,-46,6,18,53
-9,-144,-133,103,91,-167,80,52,-46,6,18,52
-9,-143,-133,102,90,-166,79,52,-46,6,18,52
-9,-142,-132,102,89,-164,78,52,-46,6,18,52
-9,-141,-130,101,88,-163,76,52,-46,6,18,52
-9,-140,-130,100,88,-162,76,52,-46,6,18,52
-9,-140,-130,100,88,-162,75,52,-46,6,18,52
-9,-140,-129,100,88,-162,75,52,-46,6,18,52
-9,-140,-129,100,88,-162,75,52,-46,6,18,52
-9,-140,-130,100,88,-162,75,52,-46,6,18,52
-9,-141,-131,101,89,-163,75,52,-46,6,18,52
-9,-142,-132,102,89,-164,75,52,-46,6,18,52
-9,-143,-133,103,90,-166,75,52,-46,6,18,52
-9,-144,-133,103,91,-167,75,52,-46,6,18,52
-9,-144,-134,103,91,-167,75,52,-46,6,18,52
-9,-145,-134,103,91,-167,75,52,-46,6,18,52
-9,-145,-134,103,91,-167,75,52,-46,6,18,52
-9,-145,-134,103,91,-167,75,52,-46,6,18,52
-9,-145,-134,103,91,-167,75,52,-46,6,17,52
-9,-145,-134,103,91,-167,75,52,-46,6,16,52
-9,-145,-134,103,91,-167,75,52,-46,6,15,52
-9,-145,-134,103,91,-167,75,52,-46,6,15,52
-9,-145,-134,103,91,-167,75,52,-46,6,15,52
-9,-145,-134,103,91,-167,75,52,-46,6,14,52
-9,-145,-134,103,91,-167,75,52,-46,6,14,52
-9,-145,-134,104,91,-168,75,52,-46,6,15,52
-9,-146,-135,104,92,-169,75,52,-46,6,17,53
-9,-147,-136,105,93,-170,75,52,-46,6,18,54
-9,-148,-137,106,93,-171,75,52,-46,6,20,55
-9,-149,-138,106,94,-172,75,52,-46,6,22,56
-9,-149,-138,107,94,-173,75,52,-46,6,22,56
-9,-149,-139,107,94,-173,75,52,-46,6,22,57
-9,-149,-139,107,94,-173,75,52,-46,6,22,57
-9,-149,-139,107,94,-173,75,52,-46,6,22,57
-9,-149,-139,107,94,-173,75,52,-46,6,21,57
-9,-149,-139,107,94,-173,75,52,-46,6,20,57
-9,-149,-139,107,94,-173,75,52,-46,6,19,57
-9,-149,-139,107,94,-173,75,52,-46,6,19,56
-9,-149,-139,107,94,-173,73,52,-46,6,18,55
-9,-149,-139,107,94,-173,72,52,-46,6,18,54
-9,-149,-139,107,94,-173,71,52,-46,6,18,53
-9,-149,-139,107,94,-173,71,52,-46,6,18,53
-9,-149,-139,107,94,-173,71,52,-46,6,18,53
-9,-149,-139,107,94,-173,71,52,-46,6,18,53
-9,-149,-139,107,94,-173,71,52,-46,6,18,53
-9,-149,-139,107,94,-173,71,52,-46,6,18,53
-9,-149,-138,106,94,-172,73,52,-46,5,18,53
-9,-148,-138,106,94,-172,75,53,-46,4,18,54
-9,-148,-137,106,93,-171,76,54,-46,3,17,54
-9,-148,-137,106,93,-171,76,54,-46,3,17,54
-10,-148,-136,106,92,-171,77,54,-46,3,17,54
-11,-147,-135,106,91,-169,78,54,-45,4,18,54
-9,-145,-135,103,92,-168,78,55,-44,4,18,55
-5,-142,-134,100,93,-166,78,56,-43,5,19,56
-4,-140,-133,98,92,-164,80,57,-41,6,20,58
-5,-138,-130,97,90,-161,81,58,-39,8,22,60
-3,-135,-128,95,89,-159,81,58,-38,10,24,61
-2,-135,-129,94,90,-158,81,58,-37,11,24,62
-1,-136,-130,94,91,-160,80,58,-37,10,24,62
-3,-137,-130,96,91,-161,80,57,-37,10,24,63
-3,-138,-131,97,91,-162,79,56,-38,9,24,63
-1,-138,-132,96,93,-162,79,56,-37,9,25,63
-2,-137,-130,95,91,-160,79,57,-37,9,25,64
-5,-136,-128,96,89,-159,80,57,-36,10,25,64
-5,-135,-127,95,88,-157,81,58,-36,11,26,65
-4,-134,-127,94,88,-157,82,60,-34,13,27,66
-1,-132,-126,92,89,-155,83,61,-33,14,28,65
2,-130,-126,90,90,-154,84,63,-32,15,29,65
3,-129,-125,88,90,-153,84,64,-30,16,30,65
5,-127,-124,86,89,-151,85,65,-29,18,32,66
9,-124,-124,82,90,-149,83,65,-28,19,33,67
11,-122,-123,80,91,-147,80,64,-28,20,34,68
15,-120,-123,77,93,-146,77,62,-29,21,35,68
20,-118,-124,74,95,-146,72,60,-31,21,34,69
22,-119,-126,74,97,-147,66,57,-33,20,33,69
20,-121,-127,76,97,-149,62,53,-36,17,31,69
16,-124,-128,80,96,-152,58,50,-39,15,29,69
15,-127,-130,82,97,-155,54,46,-42,11,26,68
16,-129,-133,83,100,-158,51,43,-45,9,25,68
19,-131,-136,83,103,-160,50,42,-45,9,25,68
23,-131,-139,82,107,-162,49,42,-45,10,25,68
27,-132,-141,81,110,-165,49,43,-44,10,26,68
28,-134,-144,81,112,-167,49,44,-43,10,27,69
28,-135,-144,82,112,-168,49,45,-42,10,27,69
26,-135,-144,84,111,-168,50,47,-40,10,28,70
23,-137,-144,86,110,-169,52,48,-39,10,28,70
20,-138,-143,88,109,-169,54,48,-39,10,28,69
17,-138,-142,89,107,-169,57,48,-39,10,29,69
15,-139,-141,90,105,-168,60,49,-40,10,30,69
13,-140,-141,92,105,-169,61,49,-40,9,29,68
11,-141,-142,94,104,-170,63,48,-40,9,28,67
